ColumnIndex,StockCode
0,10002
1,10002R
2,10080
3,10109
4,10120
5,10123C
6,10123G
7,10124A
8,10124G
9,10125
10,10133
11,10134
12,10135
13,10138
14,11001
15,15030
16,15034
17,15036
18,15039
19,15044A
20,15044B
21,15044C
22,15044D
23,15056BL
24,15056N
25,15056P
26,15058A
27,15058B
28,15058C
29,15059A
30,15060B
31,16008
32,16010
33,16011
34,16012
35,16014
36,16015
37,16016
38,16020C
39,16033
40,16043
41,16044
42,16045
43,16046
44,16047
45,16048
46,16049
47,16050
48,16051
49,16052
50,16053
51,16054
52,16119
53,16151A
54,16156L
55,16156N
56,16156S
57,16161C
58,16161E
59,16161G
60,16161M
61,16161P
62,16161U
63,16162L
64,16162M
65,16168M
66,16168S
67,16169A
68,16169C
69,16169D
70,16169E
71,16169F
72,16169G
73,16169K
74,16169M
75,16169N
76,16169P
77,16192
78,16201A
79,16201B
80,16202A
81,16202B
82,16202C
83,16202E
84,16206B
85,16207A
86,16207B
87,16212
88,16215
89,16216
90,16218
91,16219
92,16225
93,16235
94,16236
95,16237
96,16238
97,16239
98,16243B
99,16244A
100,16244B
101,16245A
102,16248B
103,16254
104,16256B
105,16256C
106,16258A
107,16258B
108,16259
109,17001
110,17003
111,17007B
112,17011A
113,17011B
114,17011C
115,17011D
116,17011E
117,17011F
118,17012A
119,17012B
120,17012C
121,17012D
122,17012E
123,17012F
124,17013B
125,17013C
126,17013D
127,17013F
128,17014A
129,17014C
130,17014D
131,17014E
132,17014F
133,17021
134,17027A
135,17028J
136,17033
137,17038
138,17039
139,17061
140,17084A
141,17084G
142,17084J
143,17084N
144,17084P
145,17084R
146,17090A
147,17090D
148,17091A
149,17091B
150,17091F
151,17091J
152,17096
153,17107D
154,17108D
155,17109A
156,17109B
157,17109C
158,17109D
159,17129C
160,17129D
161,17129F
162,17136A
163,17164B
164,17164D
165,17165B
166,17165D
167,17174
168,17178
169,17181
170,17191A
171,18007
172,18010
173,18094C
174,18096C
175,18097A
176,18097B
177,18097C
178,18098A
179,18098B
180,18098C
181,20615
182,20616
183,20617
184,20618
185,20619
186,20620
187,20621
188,20622
189,20652
190,20653
191,20654
192,20655
193,20657
194,20658
195,20659
196,20660
197,20661
198,20662
199,20663
200,20664
201,20665
202,20666
203,20667
204,20668
205,20669
206,20670
207,20671
208,20672
209,20673
210,20674
211,20675
212,20676
213,20677
214,20678
215,20679
216,20680
217,20681
218,20682
219,20683
220,20684
221,20685
222,20686
223,20688
224,20689
225,20692
226,20693
227,20694
228,20695
229,20696
230,20697
231,20698
232,20699
233,20700
234,20701
235,20702
236,20703
237,20704
238,20705
239,20707
240,20711
241,20712
242,20713
243,20714
244,20715
245,20716
246,20717
247,20718
248,20719
249,20721
250,20723
251,20724
252,20725
253,20726
254,20727
255,20728
256,20729
257,20730
258,20731
259,20733
260,20734
261,20735
262,20736
263,20737
264,20738
265,20739
266,20747
267,20748
268,20749
269,20750
270,20751
271,20752
272,20753
273,20754
274,20755
275,20756
276,20757
277,20758
278,20759
279,20760
280,20761
281,20762
282,20763
283,20764
284,20765
285,20766
286,20767
287,20768
288,20769
289,20770
290,20771
291,20772
292,20773
293,20774
294,20775
295,20776
296,20777
297,20778
298,20780
299,20781
300,20782
301,20783
302,20784
303,20785
304,20786
305,20787
306,20791
307,20793
308,20794
309,20795
310,20796
311,20798
312,20799
313,20800
314,20801
315,20802
316,20803
317,20804
318,20812
319,20814
320,20816
321,20818
322,20819
323,20820
324,20821
325,20822
326,20823
327,20825
328,20826
329,20827
330,20828
331,20829
332,20830
333,20831
334,20832
335,20833
336,20835
337,20836
338,20837
339,20838
340,20839
341,20840
342,20845
343,20846
344,20847
345,20848
346,20849
347,20850
348,20851
349,20854
350,20855
351,20856
352,20857
353,20858
354,20860
355,20861
356,20862
357,20863
358,20864
359,20865
360,20866
361,20867
362,20868
363,20869
364,20870
365,20871
366,20877
367,20878
368,20879
369,20881
370,20882
371,20884
372,20885
373,20886
374,20887
375,20888
376,20889
377,20890
378,20891
379,20892
380,20893
381,20894
382,20895
383,20896
384,20897
385,20898
386,20899
387,20901
388,20902
389,20903
390,20905
391,20906
392,20910
393,20913
394,20914
395,20931
396,20932
397,20933
398,20934
399,20935
400,20936
401,20939
402,20940
403,20941
404,20942
405,20943
406,20950
407,20952
408,20953
409,20954
410,20956
411,20957
412,20958
413,20960
414,20961
415,20963
416,20964
417,20966
418,20967
419,20968
420,20969
421,20970
422,20971
423,20972
424,20973
425,20974
426,20975
427,20976
428,20977
429,20978
430,20979
431,20980
432,20981
433,20982
434,20983
435,20984
436,20985
437,20986
438,20987
439,20988
440,20989
441,20990
442,20991
443,20992
444,20993
445,20994
446,20996
447,20997
448,20998
449,21000
450,21001
451,21002
452,21003
453,21004
454,21007
455,21008
456,21009
457,21010
458,21011
459,21012
460,21014
461,21015
462,21016
463,21017
464,21018
465,21025
466,21026
467,21027
468,21028
469,21030
470,21031
471,21032
472,21033
473,21034
474,21035
475,21036
476,21038
477,21039
478,21040
479,21041
480,21042
481,21043
482,21051
483,21054
484,21055
485,21056
486,21058
487,21059
488,21060
489,21061
490,21062
491,21063
492,21064
493,21065
494,21066
495,21067
496,21068
497,21069
498,21070
499,21071
500,21076
501,21077
502,21078
503,21080
504,21081
505,21082
506,21084
507,21085
508,21086
509,21087
510,21088
511,21089
512,21090
513,21091
514,21092
515,21094
516,21095
517,21096
518,21097
519,21098
520,21099
521,21100
522,21102
523,21106
524,21107
525,21108
526,21109
527,21110
528,21111
529,21112
530,21114
531,21115
532,21116
533,21117
534,21118
535,21119
536,21120
537,21121
538,21122
539,21123
540,21124
541,21125
542,21126
543,21127
544,21128
545,21129
546,21130
547,21131
548,21132
549,21133
550,21134
551,21135
552,21136
553,21137
554,21143
555,21144
556,21145
557,21146
558,21147
559,21153
560,21154
561,21155
562,21156
563,21157
564,21158
565,21159
566,21160
567,21161
568,21162
569,21163
570,21164
571,21165
572,21166
573,21167
574,21169
575,21171
576,21172
577,21173
578,21174
579,21175
580,21179
581,21181
582,21185
583,21186
584,21187
585,21188
586,21189
587,21190
588,21191
589,21192
590,21193
591,21194
592,21195
593,21196
594,21197
595,21198
596,21199
597,21200
598,21201
599,21202
600,21203
601,21204
602,21205
603,21206
604,21207
605,21208
606,21209
607,21210
608,21211
609,21212
610,21213
611,21214
612,21215
613,21216
614,21217
615,21218
616,21219
617,21220
618,21221
619,21222
620,21223
621,21224
622,21225
623,21226
624,21228
625,21231
626,21232
627,21238
628,21239
629,21240
630,21241
631,21242
632,21243
633,21244
634,21245
635,21246
636,21247
637,21248
638,21249
639,21250
640,21251
641,21252
642,21253
643,21255
644,21256
645,21257
646,21258
647,21259
648,21260
649,21261
650,21262
651,21263
652,21264
653,21265
654,21266
655,21267
656,21268
657,21269
658,21270
659,21272
660,21274
661,21275
662,21276
663,21277
664,21278
665,21279
666,21280
667,21281
668,21282
669,21283
670,21284
671,21285
672,21286
673,21287
674,21288
675,21289
676,21290
677,21291
678,21292
679,21293
680,21294
681,21298
682,21299
683,21300
684,21303
685,21304
686,21306
687,21307
688,21308
689,21309
690,21310
691,21311
692,21312
693,21313
694,21314
695,21316
696,21317
697,21318
698,21319
699,21320
700,21321
701,21322
702,21323
703,21324
704,21326
705,21327
706,21328
707,21329
708,21330
709,21331
710,21332
711,21333
712,21335
713,21336
714,21337
715,21338
716,21339
717,21340
718,21341
719,21343
720,21344
721,21347
722,21348
723,21349
724,21350
725,21351
726,21352
727,21353
728,21354
729,21355
730,21356
731,21357
732,21358
733,21359
734,21360
735,21361
736,21363
737,21364
738,21365
739,21366
740,21367
741,21368
742,21369
743,21370
744,21371
745,21372
746,21373
747,21374
748,21375
749,21376
750,21377
751,21378
752,21379
753,21380
754,21381
755,21382
756,21383
757,21384
758,21385
759,21386
760,21387
761,21388
762,21389
763,21390
764,21391
765,21392
766,21393
767,21394
768,21395
769,21396
770,21397
771,21398
772,21399
773,21400
774,21401
775,21402
776,21403
777,21406
778,21407
779,21408
780,21409
781,21410
782,21411
783,21412
784,21413
785,21414
786,21415
787,21416
788,21417
789,21418
790,21419
791,21420
792,21421
793,21422
794,21424
795,21425
796,21426
797,21427
798,21428
799,21429
800,21430
801,21431
802,21432
803,21437
804,21438
805,21439
806,21440
807,21441
808,21442
809,21443
810,21444
811,21445
812,21446
813,21447
814,21448
815,21450
816,21452
817,21454
818,21455
819,21456
820,21457
821,21458
822,21459
823,21460
824,21461
825,21462
826,21463
827,21464
828,21465
829,21466
830,21467
831,21468
832,21469
833,21470
834,21471
835,21472
836,21473
837,21474
838,21475
839,21476
840,21477
841,21478
842,21479
843,21480
844,21481
845,21482
846,21484
847,21485
848,21486
849,21488
850,21489
851,21490
852,21491
853,21493
854,21494
855,21495
856,21496
857,21497
858,21498
859,21499
860,21500
861,21503
862,21504
863,21506
864,21507
865,21508
866,21509
867,21511
868,21518
869,21519
870,21520
871,21523
872,21524
873,21525
874,21527
875,21528
876,21529
877,21530
878,21531
879,21532
880,21533
881,21534
882,21535
883,21536
884,21537
885,21538
886,21539
887,21540
888,21541
889,21542
890,21543
891,21544
892,21545
893,21547
894,21548
895,21549
896,21550
897,21551
898,21552
899,21553
900,21554
901,21555
902,21556
903,21557
904,21558
905,21559
906,21560
907,21561
908,21562
909,21563
910,21564
911,21576
912,21577
913,21578
914,21579
915,21580
916,21581
917,21582
918,21584
919,21585
920,21586
921,21587
922,21588
923,21589
924,21590
925,21591
926,21592
927,21593
928,21594
929,21595
930,21596
931,21609
932,21610
933,21611
934,21612
935,21613
936,21614
937,21615
938,21616
939,21617
940,21618
941,21619
942,21620
943,21621
944,21622
945,21623
946,21624
947,21625
948,21626
949,21627
950,21628
951,21629
952,21630
953,21631
954,21632
955,21633
956,21634
957,21635
958,21636
959,21637
960,21638
961,21639
962,21640
963,21641
964,21642
965,21643
966,21644
967,21645
968,21647
969,21648
970,21649
971,21650
972,21651
973,21652
974,21653
975,21654
976,21655
977,21656
978,21657
979,21658
980,21659
981,21661
982,21662
983,21663
984,21664
985,21665
986,21666
987,21667
988,21668
989,21669
990,21670
991,21671
992,21672
993,21673
994,21674
995,21675
996,21676
997,21677
998,21678
999,21679
1000,21680
1001,21681
1002,21682
1003,21683
1004,21684
1005,21685
1006,21686
1007,21687
1008,21688
1009,21689
1010,21690
1011,21691
1012,21692
1013,21693
1014,21694
1015,21695
1016,21696
1017,21697
1018,21698
1019,21699
1020,21700
1021,21702
1022,21703
1023,21704
1024,21705
1025,21706
1026,21707
1027,21708
1028,21709
1029,21710
1030,21711
1031,21713
1032,21714
1033,21715
1034,21716
1035,21717
1036,21718
1037,21719
1038,21720
1039,21721
1040,21722
1041,21723
1042,21724
1043,21725
1044,21726
1045,21728
1046,21729
1047,21730
1048,21731
1049,21732
1050,21733
1051,21734
1052,21735
1053,21736
1054,21737
1055,21738
1056,21739
1057,21740
1058,21741
1059,21742
1060,21743
1061,21744
1062,21745
1063,21746
1064,21747
1065,21749
1066,21750
1067,21752
1068,21754
1069,21755
1070,21756
1071,21757
1072,21758
1073,21759
1074,21760
1075,21761
1076,21763
1077,21764
1078,21765
1079,21767
1080,21768
1081,21769
1082,21770
1083,21772
1084,21773
1085,21774
1086,21775
1087,21777
1088,21779
1089,21780
1090,21781
1091,21784
1092,21785
1093,21786
1094,21787
1095,21788
1096,21789
1097,21790
1098,21791
1099,21792
1100,21793
1101,21794
1102,21795
1103,21796
1104,21801
1105,21802
1106,21803
1107,21804
1108,21805
1109,21806
1110,21807
1111,21808
1112,21809
1113,21810
1114,21811
1115,21812
1116,21813
1117,21814
1118,21815
1119,21816
1120,21817
1121,21818
1122,21819
1123,21820
1124,21821
1125,21822
1126,21823
1127,21824
1128,21825
1129,21826
1130,21827
1131,21828
1132,21829
1133,21830
1134,21832
1135,21833
1136,21836
1137,21837
1138,21838
1139,21839
1140,21841
1141,21842
1142,21843
1143,21844
1144,21845
1145,21846
1146,21847
1147,21849
1148,21850
1149,21851
1150,21852
1151,21853
1152,21854
1153,21857
1154,21858
1155,21860
1156,21864
1157,21865
1158,21866
1159,21867
1160,21868
1161,21869
1162,21870
1163,21871
1164,21872
1165,21873
1166,21874
1167,21875
1168,21876
1169,21877
1170,21878
1171,21879
1172,21880
1173,21881
1174,21882
1175,21883
1176,21884
1177,21888
1178,21889
1179,21890
1180,21891
1181,21892
1182,21893
1183,21894
1184,21895
1185,21896
1186,21897
1187,21898
1188,21899
1189,21900
1190,21901
1191,21902
1192,21903
1193,21904
1194,21905
1195,21906
1196,21907
1197,21908
1198,21910
1199,21911
1200,21912
1201,21913
1202,21914
1203,21915
1204,21916
1205,21917
1206,21918
1207,21919
1208,21922
1209,21923
1210,21924
1211,21925
1212,21926
1213,21927
1214,21928
1215,21929
1216,21930
1217,21931
1218,21932
1219,21933
1220,21934
1221,21935
1222,21936
1223,21937
1224,21942
1225,21943
1226,21944
1227,21945
1228,21946
1229,21947
1230,21948
1231,21949
1232,21950
1233,21955
1234,21967
1235,21972
1236,21973
1237,21974
1238,21975
1239,21976
1240,21977
1241,21980
1242,21981
1243,21982
1244,21983
1245,21984
1246,21985
1247,21986
1248,21987
1249,21988
1250,21989
1251,21990
1252,21991
1253,21992
1254,21993
1255,22016
1256,22021
1257,22023
1258,22024
1259,22025
1260,22026
1261,22027
1262,22028
1263,22029
1264,22030
1265,22031
1266,22032
1267,22033
1268,22034
1269,22035
1270,22036
1271,22037
1272,22038
1273,22039
1274,22040
1275,22041
1276,22042
1277,22043
1278,22044
1279,22045
1280,22046
1281,22047
1282,22048
1283,22049
1284,22050
1285,22051
1286,22052
1287,22053
1288,22054
1289,22055
1290,22056
1291,22057
1292,22058
1293,22059
1294,22060
1295,22061
1296,22062
1297,22063
1298,22064
1299,22065
1300,22066
1301,22067
1302,22068
1303,22069
1304,22070
1305,22071
1306,22072
1307,22073
1308,22074
1309,22075
1310,22076
1311,22077
1312,22078
1313,22079
1314,22080
1315,22081
1316,22082
1317,22083
1318,22084
1319,22085
1320,22086
1321,22087
1322,22088
1323,22089
1324,22090
1325,22091
1326,22092
1327,22093
1328,22094
1329,22095
1330,22096
1331,22097
1332,22098
1333,22099
1334,22100
1335,22101
1336,22102
1337,22103
1338,22104
1339,22105
1340,22106
1341,22107
1342,22108
1343,22109
1344,22110
1345,22111
1346,22112
1347,22113
1348,22114
1349,22115
1350,22116
1351,22117
1352,22118
1353,22119
1354,22120
1355,22121
1356,22122
1357,22123
1358,22124
1359,22125
1360,22127
1361,22128
1362,22129
1363,22130
1364,22131
1365,22132
1366,22133
1367,22134
1368,22135
1369,22136
1370,22137
1371,22138
1372,22139
1373,22141
1374,22142
1375,22143
1376,22144
1377,22145
1378,22146
1379,22147
1380,22148
1381,22149
1382,22150
1383,22151
1384,22152
1385,22153
1386,22154
1387,22155
1388,22156
1389,22157
1390,22158
1391,22161
1392,22162
1393,22163
1394,22164
1395,22165
1396,22166
1397,22167
1398,22168
1399,22169
1400,22170
1401,22171
1402,22172
1403,22173
1404,22174
1405,22175
1406,22176
1407,22177
1408,22178
1409,22179
1410,22180
1411,22181
1412,22182
1413,22183
1414,22184
1415,22185
1416,22186
1417,22187
1418,22188
1419,22189
1420,22190
1421,22191
1422,22192
1423,22193
1424,22194
1425,22195
1426,22196
1427,22197
1428,22198
1429,22199
1430,22200
1431,22201
1432,22202
1433,22203
1434,22204
1435,22206
1436,22207
1437,22208
1438,22209
1439,22210
1440,22211
1441,22212
1442,22214
1443,22215
1444,22216
1445,22217
1446,22218
1447,22219
1448,22220
1449,22221
1450,22222
1451,22223
1452,22224
1453,22227
1454,22228
1455,22229
1456,22230
1457,22231
1458,22232
1459,22233
1460,22236
1461,22241
1462,22242
1463,22243
1464,22244
1465,22245
1466,22246
1467,22247
1468,22248
1469,22249
1470,22250
1471,22251
1472,22252
1473,22253
1474,22254
1475,22255
1476,22256
1477,22257
1478,22258
1479,22259
1480,22260
1481,22261
1482,22262
1483,22263
1484,22264
1485,22265
1486,22266
1487,22267
1488,22268
1489,22269
1490,22270
1491,22271
1492,22272
1493,22273
1494,22274
1495,22275
1496,22276
1497,22277
1498,22278
1499,22279
1500,22280
1501,22281
1502,22282
1503,22283
1504,22284
1505,22285
1506,22286
1507,22287
1508,22288
1509,22289
1510,22290
1511,22291
1512,22292
1513,22293
1514,22294
1515,22295
1516,22296
1517,22297
1518,22299
1519,22300
1520,22301
1521,22302
1522,22303
1523,22304
1524,22305
1525,22306
1526,22307
1527,22308
1528,22309
1529,22310
1530,22311
1531,22312
1532,22313
1533,22314
1534,22315
1535,22316
1536,22317
1537,22318
1538,22319
1539,22320
1540,22321
1541,22322
1542,22323
1543,22324
1544,22325
1545,22326
1546,22327
1547,22328
1548,22329
1549,22330
1550,22331
1551,22332
1552,22333
1553,22334
1554,22335
1555,22336
1556,22337
1557,22338
1558,22339
1559,22340
1560,22341
1561,22342
1562,22343
1563,22344
1564,22345
1565,22346
1566,22347
1567,22348
1568,22349
1569,22350
1570,22351
1571,22352
1572,22353
1573,22354
1574,22355
1575,22356
1576,22357
1577,22358
1578,22359
1579,22360
1580,22361
1581,22362
1582,22363
1583,22364
1584,22365
1585,22366
1586,22367
1587,22371
1588,22372
1589,22374
1590,22375
1591,22376
1592,22377
1593,22378
1594,22379
1595,22380
1596,22381
1597,22382
1598,22383
1599,22384
1600,22385
1601,22386
1602,22389
1603,22390
1604,22391
1605,22393
1606,22394
1607,22395
1608,22396
1609,22398
1610,22399
1611,22400
1612,22402
1613,22403
1614,22405
1615,22406
1616,22407
1617,22408
1618,22409
1619,22410
1620,22411
1621,22412
1622,22413
1623,22414
1624,22415
1625,22416
1626,22417
1627,22418
1628,22419
1629,22420
1630,22421
1631,22422
1632,22423
1633,22424
1634,22425
1635,22426
1636,22427
1637,22428
1638,22429
1639,22430
1640,22431
1641,22432
1642,22433
1643,22434
1644,22435
1645,22436
1646,22437
1647,22438
1648,22439
1649,22440
1650,22441
1651,22442
1652,22443
1653,22444
1654,22445
1655,22446
1656,22447
1657,22448
1658,22449
1659,22450
1660,22451
1661,22452
1662,22453
1663,22454
1664,22456
1665,22457
1666,22458
1667,22459
1668,22460
1669,22461
1670,22464
1671,22465
1672,22466
1673,22467
1674,22468
1675,22469
1676,22470
1677,22471
1678,22472
1679,22473
1680,22474
1681,22475
1682,22476
1683,22477
1684,22478
1685,22479
1686,22480
1687,22481
1688,22482
1689,22483
1690,22485
1691,22486
1692,22487
1693,22488
1694,22489
1695,22491
1696,22492
1697,22493
1698,22494
1699,22495
1700,22496
1701,22497
1702,22498
1703,22499
1704,22500
1705,22501
1706,22502
1707,22503
1708,22504
1709,22505
1710,22507
1711,22508
1712,22509
1713,22510
1714,22511
1715,22512
1716,22513
1717,22514
1718,22515
1719,22516
1720,22517
1721,22518
1722,22519
1723,22520
1724,22521
1725,22522
1726,22523
1727,22524
1728,22525
1729,22526
1730,22528
1731,22529
1732,22530
1733,22531
1734,22532
1735,22533
1736,22534
1737,22535
1738,22536
1739,22537
1740,22538
1741,22539
1742,22540
1743,22541
1744,22543
1745,22544
1746,22545
1747,22546
1748,22547
1749,22548
1750,22549
1751,22550
1752,22551
1753,22553
1754,22554
1755,22555
1756,22556
1757,22557
1758,22558
1759,22559
1760,22560
1761,22561
1762,22562
1763,22563
1764,22564
1765,22565
1766,22566
1767,22567
1768,22568
1769,22569
1770,22570
1771,22571
1772,22572
1773,22573
1774,22574
1775,22575
1776,22576
1777,22577
1778,22578
1779,22579
1780,22580
1781,22581
1782,22582
1783,22583
1784,22584
1785,22585
1786,22586
1787,22587
1788,22588
1789,22589
1790,22591
1791,22592
1792,22593
1793,22594
1794,22595
1795,22596
1796,22597
1797,22598
1798,22599
1799,22600
1800,22601
1801,22602
1802,22603
1803,22604
1804,22605
1805,22606
1806,22607
1807,22608
1808,22609
1809,22610
1810,22611
1811,22612
1812,22613
1813,22614
1814,22615
1815,22616
1816,22617
1817,22618
1818,22619
1819,22620
1820,22621
1821,22622
1822,22623
1823,22624
1824,22625
1825,22626
1826,22627
1827,22628
1828,22629
1829,22630
1830,22631
1831,22632
1832,22633
1833,22634
1834,22635
1835,22636
1836,22637
1837,22638
1838,22639
1839,22640
1840,22641
1841,22642
1842,22643
1843,22644
1844,22645
1845,22646
1846,22647
1847,22649
1848,22650
1849,22651
1850,22652
1851,22653
1852,22654
1853,22655
1854,22656
1855,22657
1856,22659
1857,22660
1858,22661
1859,22662
1860,22663
1861,22664
1862,22665
1863,22666
1864,22667
1865,22668
1866,22669
1867,22670
1868,22671
1869,22672
1870,22673
1871,22674
1872,22675
1873,22676
1874,22677
1875,22678
1876,22679
1877,22680
1878,22681
1879,22682
1880,22683
1881,22684
1882,22685
1883,22686
1884,22687
1885,22688
1886,22689
1887,22690
1888,22691
1889,22692
1890,22693
1891,22694
1892,22695
1893,22696
1894,22697
1895,22698
1896,22699
1897,22700
1898,22701
1899,22702
1900,22703
1901,22704
1902,22705
1903,22706
1904,22707
1905,22708
1906,22709
1907,22710
1908,22711
1909,22712
1910,22713
1911,22714
1912,22715
1913,22716
1914,22717
1915,22718
1916,22719
1917,22720
1918,22721
1919,22722
1920,22723
1921,22725
1922,22726
1923,22727
1924,22728
1925,22729
1926,22730
1927,22731
1928,22732
1929,22733
1930,22734
1931,22735
1932,22736
1933,22737
1934,22738
1935,22739
1936,22740
1937,22741
1938,22742
1939,22743
1940,22744
1941,22745
1942,22746
1943,22747
1944,22748
1945,22749
1946,22750
1947,22751
1948,22752
1949,22753
1950,22754
1951,22755
1952,22756
1953,22757
1954,22758
1955,22759
1956,22760
1957,22761
1958,22762
1959,22763
1960,22764
1961,22765
1962,22766
1963,22767
1964,22768
1965,22769
1966,22770
1967,22771
1968,22772
1969,22773
1970,22774
1971,22775
1972,22776
1973,22777
1974,22778
1975,22779
1976,22780
1977,22781
1978,22782
1979,22783
1980,22784
1981,22785
1982,22786
1983,22788
1984,22789
1985,22790
1986,22791
1987,22792
1988,22794
1989,22795
1990,22796
1991,22797
1992,22798
1993,22799
1994,22800
1995,22801
1996,22802
1997,22803
1998,22804
1999,22805
2000,22806
2001,22807
2002,22808
2003,22809
2004,22810
2005,22811
2006,22812
2007,22813
2008,22814
2009,22815
2010,22816
2011,22817
2012,22818
2013,22819
2014,22820
2015,22821
2016,22822
2017,22823
2018,22824
2019,22825
2020,22826
2021,22827
2022,22828
2023,22829
2024,22830
2025,22831
2026,22832
2027,22833
2028,22834
2029,22835
2030,22837
2031,22838
2032,22839
2033,22840
2034,22841
2035,22842
2036,22843
2037,22844
2038,22845
2039,22846
2040,22847
2041,22848
2042,22849
2043,22850
2044,22851
2045,22852
2046,22853
2047,22854
2048,22855
2049,22856
2050,22857
2051,22858
2052,22859
2053,22860
2054,22861
2055,22862
2056,22863
2057,22864
2058,22865
2059,22866
2060,22867
2061,22868
2062,22869
2063,22870
2064,22871
2065,22872
2066,22873
2067,22874
2068,22875
2069,22876
2070,22877
2071,22878
2072,22879
2073,22880
2074,22881
2075,22882
2076,22883
2077,22884
2078,22885
2079,22886
2080,22887
2081,22888
2082,22889
2083,22890
2084,22891
2085,22892
2086,22893
2087,22894
2088,22895
2089,22896
2090,22897
2091,22898
2092,22899
2093,22900
2094,22902
2095,22903
2096,22904
2097,22905
2098,22906
2099,22907
2100,22908
2101,22909
2102,22910
2103,22911
2104,22912
2105,22913
2106,22914
2107,22915
2108,22916
2109,22917
2110,22918
2111,22919
2112,22920
2113,22921
2114,22922
2115,22923
2116,22924
2117,22925
2118,22926
2119,22927
2120,22928
2121,22929
2122,22930
2123,22931
2124,22932
2125,22933
2126,22934
2127,22935
2128,22936
2129,22937
2130,22938
2131,22939
2132,22940
2133,22941
2134,22942
2135,22943
2136,22944
2137,22945
2138,22946
2139,22947
2140,22948
2141,22949
2142,22950
2143,22951
2144,22952
2145,22953
2146,22954
2147,22955
2148,22956
2149,22957
2150,22959
2151,22960
2152,22961
2153,22962
2154,22963
2155,22964
2156,22965
2157,22966
2158,22967
2159,22968
2160,22969
2161,22970
2162,22971
2163,22972
2164,22973
2165,22974
2166,22975
2167,22976
2168,22977
2169,22978
2170,22979
2171,22980
2172,22981
2173,22982
2174,22983
2175,22984
2176,22985
2177,22986
2178,22987
2179,22988
2180,22989
2181,22990
2182,22991
2183,22992
2184,22993
2185,22994
2186,22995
2187,22996
2188,22997
2189,22998
2190,22999
2191,23000
2192,23002
2193,23003
2194,23004
2195,23005
2196,23006
2197,23007
2198,23008
2199,23009
2200,23010
2201,23012
2202,23013
2203,23014
2204,23015
2205,23016
2206,23017
2207,23018
2208,23019
2209,23020
2210,23021
2211,23022
2212,23023
2213,23024
2214,23025
2215,23026
2216,23027
2217,23028
2218,23029
2219,23031
2220,23032
2221,23033
2222,23034
2223,23035
2224,23036
2225,23037
2226,23038
2227,23039
2228,23040
2229,23041
2230,23042
2231,23043
2232,23044
2233,23045
2234,23046
2235,23047
2236,23048
2237,23049
2238,23050
2239,23051
2240,23052
2241,23053
2242,23054
2243,23055
2244,23056
2245,23057
2246,23058
2247,23060
2248,23061
2249,23064
2250,23065
2251,23066
2252,23067
2253,23068
2254,23069
2255,23070
2256,23071
2257,23072
2258,23073
2259,23074
2260,23075
2261,23076
2262,23077
2263,23078
2264,23079
2265,23080
2266,23081
2267,23082
2268,23083
2269,23084
2270,23085
2271,23086
2272,23087
2273,23088
2274,23089
2275,23090
2276,23091
2277,23092
2278,23093
2279,23094
2280,23096
2281,23099
2282,23100
2283,23101
2284,23102
2285,23103
2286,23104
2287,23106
2288,23107
2289,23108
2290,23109
2291,23110
2292,23111
2293,23112
2294,23113
2295,23114
2296,23115
2297,23116
2298,23117
2299,23118
2300,23119
2301,23120
2302,23121
2303,23122
2304,23123
2305,23124
2306,23125
2307,23126
2308,23127
2309,23128
2310,23129
2311,23130
2312,23131
2313,23132
2314,23133
2315,23134
2316,23135
2317,23136
2318,23137
2319,23138
2320,23139
2321,23140
2322,23141
2323,23142
2324,23143
2325,23144
2326,23145
2327,23146
2328,23147
2329,23148
2330,23149
2331,23150
2332,23151
2333,23152
2334,23153
2335,23154
2336,23155
2337,23156
2338,23157
2339,23158
2340,23159
2341,23160
2342,23161
2343,23162
2344,23163
2345,23164
2346,23165
2347,23166
2348,23167
2349,23168
2350,23169
2351,23170
2352,23171
2353,23172
2354,23173
2355,23174
2356,23175
2357,23176
2358,23177
2359,23178
2360,23179
2361,23180
2362,23181
2363,23182
2364,23183
2365,23184
2366,23185
2367,23186
2368,23187
2369,23188
2370,23189
2371,23190
2372,23191
2373,23192
2374,23193
2375,23194
2376,23196
2377,23197
2378,23198
2379,23199
2380,23200
2381,23201
2382,23202
2383,23203
2384,23204
2385,23205
2386,23206
2387,23207
2388,23208
2389,23209
2390,23210
2391,23211
2392,23212
2393,23213
2394,23214
2395,23215
2396,23216
2397,23217
2398,23218
2399,23219
2400,23220
2401,23221
2402,23222
2403,23223
2404,23224
2405,23225
2406,23226
2407,23227
2408,23228
2409,23229
2410,23230
2411,23231
2412,23232
2413,23233
2414,23234
2415,23235
2416,23236
2417,23237
2418,23238
2419,23239
2420,23240
2421,23241
2422,23242
2423,23243
2424,23244
2425,23245
2426,23247
2427,23249
2428,23250
2429,23251
2430,23252
2431,23253
2432,23254
2433,23255
2434,23256
2435,23263
2436,23264
2437,23265
2438,23266
2439,23267
2440,23268
2441,23269
2442,23270
2443,23271
2444,23272
2445,23273
2446,23274
2447,23275
2448,23280
2449,23281
2450,23282
2451,23283
2452,23284
2453,23285
2454,23286
2455,23287
2456,23288
2457,23289
2458,23290
2459,23291
2460,23292
2461,23293
2462,23294
2463,23295
2464,23296
2465,23297
2466,23298
2467,23299
2468,23300
2469,23301
2470,23302
2471,23303
2472,23304
2473,23305
2474,23306
2475,23307
2476,23308
2477,23309
2478,23310
2479,23311
2480,23312
2481,23313
2482,23314
2483,23315
2484,23316
2485,23317
2486,23318
2487,23319
2488,23320
2489,23321
2490,23322
2491,23323
2492,23324
2493,23325
2494,23326
2495,23327
2496,23328
2497,23329
2498,23330
2499,23331
2500,23332
2501,23333
2502,23334
2503,23335
2504,23336
2505,23337
2506,23338
2507,23339
2508,23340
2509,23341
2510,23342
2511,23343
2512,23344
2513,23345
2514,23346
2515,23347
2516,23348
2517,23349
2518,23350
2519,23351
2520,23352
2521,23353
2522,23354
2523,23355
2524,23356
2525,23357
2526,23358
2527,23359
2528,23360
2529,23365
2530,23366
2531,23367
2532,23368
2533,23369
2534,23370
2535,23371
2536,23372
2537,23373
2538,23374
2539,23375
2540,23376
2541,23377
2542,23378
2543,23379
2544,23380
2545,23381
2546,23382
2547,23388
2548,23389
2549,23390
2550,23391
2551,23392
2552,23393
2553,23394
2554,23395
2555,23396
2556,23397
2557,23398
2558,23399
2559,23400
2560,23401
2561,23402
2562,23403
2563,23404
2564,23405
2565,23406
2566,23407
2567,23408
2568,23409
2569,23410
2570,23411
2571,23412
2572,23413
2573,23414
2574,23415
2575,23416
2576,23417
2577,23418
2578,23419
2579,23420
2580,23421
2581,23422
2582,23423
2583,23424
2584,23425
2585,23426
2586,23427
2587,23428
2588,23429
2589,23430
2590,23431
2591,23432
2592,23433
2593,23434
2594,23435
2595,23436
2596,23437
2597,23438
2598,23439
2599,23440
2600,23441
2601,23442
2602,23444
2603,23445
2604,23446
2605,23447
2606,23448
2607,23449
2608,23451
2609,23452
2610,23453
2611,23454
2612,23455
2613,23456
2614,23457
2615,23458
2616,23459
2617,23460
2618,23461
2619,23462
2620,23463
2621,23464
2622,23465
2623,23466
2624,23467
2625,23468
2626,23469
2627,23470
2628,23471
2629,23472
2630,23473
2631,23474
2632,23475
2633,23476
2634,23477
2635,23478
2636,23479
2637,23480
2638,23481
2639,23482
2640,23483
2641,23484
2642,23485
2643,23486
2644,23487
2645,23489
2646,23490
2647,23491
2648,23492
2649,23493
2650,23494
2651,23495
2652,23496
2653,23497
2654,23498
2655,23499
2656,23500
2657,23501
2658,23502
2659,23503
2660,23504
2661,23505
2662,23506
2663,23507
2664,23508
2665,23509
2666,23510
2667,23511
2668,23512
2669,23513
2670,23514
2671,23515
2672,23516
2673,23517
2674,23518
2675,23519
2676,23520
2677,23521
2678,23522
2679,23523
2680,23524
2681,23525
2682,23526
2683,23527
2684,23528
2685,23529
2686,23530
2687,23531
2688,23532
2689,23533
2690,23534
2691,23535
2692,23536
2693,23537
2694,23538
2695,23539
2696,23540
2697,23541
2698,23542
2699,23543
2700,23544
2701,23545
2702,23546
2703,23547
2704,23548
2705,23549
2706,23550
2707,23551
2708,23552
2709,23553
2710,23554
2711,23555
2712,23556
2713,23557
2714,23558
2715,23559
2716,23560
2717,23561
2718,23562
2719,23564
2720,23565
2721,23566
2722,23567
2723,23568
2724,23569
2725,23570
2726,23571
2727,23574
2728,23575
2729,23576
2730,23578
2731,23579
2732,23580
2733,23581
2734,23582
2735,23583
2736,23597
2737,23598
2738,23601
2739,23602
2740,23603
2741,23604
2742,23605
2743,23607
2744,23608
2745,23609
2746,23610
2747,23611
2748,23612
2749,23613
2750,23614
2751,23615
2752,23616
2753,23617
2754,23619
2755,23620
2756,23621
2757,23623
2758,23624
2759,23625
2760,23626
2761,23627
2762,23628
2763,23629
2764,23630
2765,23632
2766,23633
2767,23634
2768,23635
2769,23636
2770,23637
2771,23638
2772,23639
2773,23640
2774,23643
2775,23644
2776,23645
2777,23646
2778,23649
2779,23650
2780,23652
2781,23654
2782,23660
2783,23661
2784,23664
2785,23681
2786,23691
2787,23692
2788,23694
2789,23695
2790,23697
2791,23702
2792,23843
2793,30086C
2794,35001B
2795,35001G
2796,35001P
2797,35001W
2798,35004B
2799,35004C
2800,35004G
2801,35004P
2802,35004S
2803,35015
2804,35051B
2805,35071
2806,35085E
2807,35095A
2808,35095B
2809,35096A
2810,35096B
2811,35160
2812,35233
2813,35240
2814,35241
2815,35265
2816,35271S
2817,35400
2818,35443
2819,35471A
2820,35471D
2821,35537
2822,35591T
2823,35594
2824,35596
2825,35597A
2826,35597B
2827,35597D
2828,35598A
2829,35598B
2830,35598C
2831,35598D
2832,35599B
2833,35599D
2834,35600D
2835,35603B
2836,35603C
2837,35607A
2838,35607B
2839,35609A
2840,35610A
2841,35610B
2842,35610C
2843,35611B
2844,35633B
2845,35637A
2846,35637C
2847,35638A
2848,35638B
2849,35644
2850,35645
2851,35646
2852,35647
2853,35648
2854,35649
2855,35650
2856,35651
2857,35652
2858,35653
2859,35654
2860,35751C
2861,35751D
2862,35793
2863,35809A
2864,35809B
2865,35810A
2866,35810B
2867,35811A
2868,35815B
2869,35815P
2870,35816B
2871,35816P
2872,35817B
2873,35817P
2874,35818B
2875,35818C
2876,35818P
2877,35819B
2878,35819P
2879,35821B
2880,35821P
2881,35822B
2882,35822P
2883,35823P
2884,35824B
2885,35824C
2886,35824P
2887,35832
2888,35833G
2889,35833P
2890,35837
2891,35838A
2892,35838B
2893,35840
2894,35909A
2895,35909B
2896,35910A
2897,35910B
2898,35911A
2899,35911B
2900,35912B
2901,35913B
2902,35914
2903,35915A
2904,35915B
2905,35915C
2906,35916A
2907,35916B
2908,35916C
2909,35918B
2910,35920
2911,35921
2912,35922
2913,35923
2914,35924
2915,35930
2916,35931
2917,35932
2918,35933
2919,35936
2920,35937
2921,35945
2922,35950
2923,35951
2924,35953
2925,35954
2926,35955
2927,35957
2928,35958
2929,35961
2930,35962
2931,35963
2932,35964
2933,35965
2934,35966
2935,35967
2936,35968
2937,35969
2938,35970
2939,35971
2940,35972
2941,35973
2942,35974
2943,35976B
2944,35979
2945,35980B
2946,35980C
2947,35981C
2948,35991
2949,35995
2950,35999
2951,37112
2952,37326
2953,37327
2954,37330
2955,37333
2956,37340
2957,37342
2958,37343
2959,37345
2960,37348
2961,37351
2962,37352
2963,37370
2964,37379A
2965,37379B
2966,37399
2967,37408
2968,37409
2969,37410
2970,37413
2971,37422
2972,37423
2973,37424
2974,37432
2975,37438
2976,37441
2977,37444A
2978,37444B
2979,37444C
2980,37446
2981,37447
2982,37448
2983,37449
2984,37450
2985,37451
2986,37461
2987,37462B
2988,37462E
2989,37464
2990,37467
2991,37468
2992,37471
2993,37474
2994,37475
2995,37476
2996,37477B
2997,37477C
2998,37479B
2999,37479P
3000,37481
3001,37482B
3002,37482P
3003,37483
3004,37484
3005,37485
3006,37487B
3007,37488A
3008,37489A
3009,37489B
3010,37489C
3011,37489D
3012,37491A
3013,37491B
3014,37491C
3015,37491D
3016,37492A
3017,37492B
3018,37492C
3019,37492D
3020,37494A
3021,37495
3022,37500
3023,37501
3024,37502
3025,37503
3026,37506
3027,37508
3028,37509
3029,40001
3030,40002
3031,40003
3032,40005B
3033,40016
3034,40018E
3035,40018F
3036,40046A
3037,40046C
3038,44089A
3039,44089C
3040,44091A
3041,44091C
3042,44092B
3043,44092C
3044,44217M
3045,44228
3046,44230
3047,44234
3048,44235
3049,44236
3050,44241C
3051,44242A
3052,44242B
3053,44265
3054,45008C
3055,45013
3056,45014
3057,45016
3058,46000M
3059,46000P
3060,46000R
3061,46000S
3062,46000U
3063,46037A
3064,46115B
3065,46118
3066,46126A
3067,46137D
3068,46138B
3069,46138D
3070,46307
3071,46775A
3072,46775B
3073,46775D
3074,46775E
3075,46776A
3076,46776B
3077,46776C
3078,46776D
3079,46776E
3080,46776F
3081,47013A
3082,47013C
3083,47016
3084,47021G
3085,47310M
3086,47341A
3087,47341B
3088,47343A
3089,47344B
3090,47347B
3091,47348A
3092,47351B
3093,47367B
3094,47369A
3095,47369B
3096,47420
3097,47421
3098,47422
3099,47469
3100,47471
3101,47480
3102,47481
3103,47502
3104,47503A
3105,47503E
3106,47503F
3107,47503G
3108,47503H
3109,47503J
3110,47503K
3111,47504E
3112,47504F
3113,47504G
3114,47504H
3115,47504J
3116,47504K
3117,47505
3118,47518F
3119,47552A
3120,47554
3121,47556
3122,47556B
3123,47559B
3124,47562
3125,47563A
3126,47563B
3127,47566
3128,47566B
3129,47567B
3130,47568
3131,47569
3132,47570
3133,47570B
3134,47574A
3135,47574B
3136,47578A
3137,47579
3138,47580
3139,47581B
3140,47583A
3141,47583B
3142,47585A
3143,47586A
3144,47587A
3145,47589
3146,47590A
3147,47590B
3148,47591A
3149,47591B
3150,47591C
3151,47591D
3152,47592A
3153,47592B
3154,47593A
3155,47593B
3156,47594A
3157,47594B
3158,47597
3159,47598
3160,47599A
3161,47599B
3162,48103
3163,48111
3164,48116
3165,48129
3166,48138
3167,48173A
3168,48173C
3169,48175
3170,48179
3171,48184
3172,48185
3173,48187
3174,48188
3175,48189
3176,48194
3177,48195
3178,48197
3179,51008
3180,51012C
3181,51012L
3182,51014A
3183,51014C
3184,51014L
3185,51020A
3186,51020B
3187,62018
3188,62043B
3189,62074B
3190,62086A
3191,62094B
3192,62095B
3193,62096A
3194,62096B
3195,62097A
3196,62097B
3197,70006
3198,70007
3199,71028B
3200,71038
3201,71050
3202,71053
3203,71101A
3204,71101E
3205,71143
3206,71215
3207,71270
3208,71279
3209,71403
3210,71406C
3211,71434B
3212,71459
3213,71477
3214,71495A
3215,71495B
3216,71496A
3217,71496B
3218,71510
3219,72008
3220,72023F
3221,72024U
3222,72038P
3223,72045D
3224,72051S
3225,72083A
3226,72084B
3227,72122
3228,72127
3229,72128
3230,72129
3231,72130
3232,72131
3233,72132
3234,72133
3235,72134
3236,72140E
3237,72140F
3238,72225C
3239,72225D
3240,72232
3241,72267
3242,72349B
3243,72351A
3244,72351B
3245,72369A
3246,72484
3247,72487
3248,72529W
3249,72586
3250,72598
3251,72606A
3252,72708
3253,72709
3254,72715
3255,72724
3256,72728
3257,72739B
3258,72739C
3259,72740A
3260,72740B
3261,72741
3262,72750A
3263,72750B
3264,72750C
3265,72750D
3266,72751A
3267,72751B
3268,72751C
3269,72752A
3270,72752B
3271,72753A
3272,72753B
3273,72753C
3274,72753D
3275,72754A
3276,72754B
3277,72754D
3278,72755C
3279,72755D
3280,72756
3281,72760B
3282,72771B
3283,72771C
3284,72772
3285,72779
3286,72780
3287,72781
3288,72783
3289,72785A
3290,72785B
3291,72789
3292,72793
3293,72796A
3294,72796B
3295,72796C
3296,72798C
3297,72799A
3298,72799B
3299,72799C
3300,72799D
3301,72799E
3302,72799F
3303,72800A
3304,72800B
3305,72800C
3306,72800D
3307,72800E
3308,72800F
3309,72801C
3310,72801D
3311,72801E
3312,72801F
3313,72801G
3314,72802A
3315,72802B
3316,72802C
3317,72803A
3318,72803B
3319,72805
3320,72807A
3321,72807B
3322,72807C
3323,72811
3324,72812
3325,72814
3326,72815
3327,72816
3328,72817
3329,72818
3330,72819
3331,72821
3332,75011
3333,75013B
3334,75049L
3335,75131
3336,75149N
3337,75172
3338,75178
3339,77079
3340,77081
3341,77101A
3342,78026
3343,78027
3344,78033
3345,78034B
3346,78056
3347,78124
3348,79000
3349,79026B
3350,79029
3351,79030A
3352,79030D
3353,79030G
3354,79051A
3355,79062D
3356,79063C
3357,79063D
3358,79065A
3359,79066K
3360,79067
3361,79070B
3362,79071B
3363,79072
3364,79140
3365,79144B
3366,79144C
3367,79149B
3368,79151B
3369,79157B
3370,79157V
3371,79160
3372,79161A
3373,79163
3374,79164
3375,79172D
3376,79190A
3377,79190B
3378,79190D
3379,79191B
3380,79191C
3381,79191D
3382,79192A
3383,79301
3384,79302M
3385,79303A
3386,79303B
3387,79303D
3388,79308B
3389,79315W
3390,79320
3391,79321
3392,79323B
3393,79323G
3394,79323GR
3395,79323LP
3396,79323P
3397,79323S
3398,79323W
3399,79328
3400,79329
3401,79331
3402,79336
3403,79337
3404,79338
3405,79341
3406,79342B
3407,79403
3408,79406
3409,79413
3410,79532
3411,79534
3412,81950B
3413,81950V
3414,81952B
3415,81952V
3416,81953B
3417,81953P
3418,81985A
3419,82001S
3420,82011A
3421,82011B
3422,82011C
3423,82011E
3424,82069
3425,82072
3426,82076
3427,82081
3428,82093
3429,82095
3430,82482
3431,82483
3432,82484
3433,82486
3434,82494L
3435,82545A
3436,82551
3437,82552
3438,82553
3439,82567
3440,82578
3441,82580
3442,82581
3443,82582
3444,82583
3445,82585
3446,82587
3447,82597
3448,82599
3449,82600
3450,82605
3451,82607A
3452,82607C
3453,82607E
3454,82613A
3455,82613B
3456,82613C
3457,82613D
3458,82615
3459,82616A
3460,82616B
3461,82616C
3462,84006
3463,84007
3464,84012
3465,84016
3466,84029C
3467,84029D
3468,84029E
3469,84029G
3470,84030B
3471,84030C
3472,84030E
3473,84031A
3474,84031B
3475,84032A
3476,84032B
3477,84033
3478,84050
3479,84051
3480,84077
3481,84078A
3482,84081
3483,84086B
3484,84086C
3485,84192
3486,84199
3487,84201B
3488,84201C
3489,84205C
3490,84206A
3491,84206B
3492,84206C
3493,84212
3494,84218
3495,84219
3496,84226
3497,84227
3498,84228
3499,84231
3500,84247C
3501,84247E
3502,84247G
3503,84247H
3504,84247J
3505,84247K
3506,84247L
3507,84247N
3508,84249A
3509,84249D
3510,84250M
3511,84251B
3512,84251C
3513,84251F
3514,84251G
3515,84251J
3516,84255A
3517,84255B
3518,84270
3519,84279B
3520,84279P
3521,84288B
3522,84292
3523,84292B
3524,84306
3525,84311
3526,84313A
3527,84313B
3528,84313C
3529,84327A
3530,84340
3531,84341B
3532,84347
3533,84352
3534,84356
3535,84358
3536,84360
3537,84366
3538,84367
3539,84371
3540,84375
3541,84378
3542,84380
3543,84387A
3544,84388
3545,84396
3546,84402B
3547,84402D
3548,84405A
3549,84406B
3550,84414B
3551,84415A
3552,84415B
3553,84422
3554,84424A
3555,84425A
3556,84427B
3557,84429A
3558,84437A
3559,84447
3560,84450A
3561,84450B
3562,84452
3563,84454
3564,84455
3565,84456
3566,84457
3567,84458
3568,84459A
3569,84459B
3570,84461
3571,84462
3572,84464
3573,84465
3574,84466
3575,84467
3576,84469
3577,84472
3578,84482
3579,84493
3580,84497
3581,84499
3582,84507B
3583,84507C
3584,84508A
3585,84508B
3586,84508C
3587,84509A
3588,84509B
3589,84509C
3590,84509E
3591,84509F
3592,84509G
3593,84510A
3594,84510B
3595,84510C
3596,84510E
3597,84510F
3598,84519A
3599,84519B
3600,84520B
3601,84520D
3602,84522
3603,84526
3604,84527
3605,84529A
3606,84529B
3607,84529C
3608,84531A
3609,84531B
3610,84532B
3611,84533B
3612,84534B
3613,84535A
3614,84535B
3615,84536A
3616,84536B
3617,84537B
3618,84539
3619,84546
3620,84548
3621,84549
3622,84550
3623,84551
3624,84555A
3625,84558A
3626,84559A
3627,84559B
3628,84559D
3629,84562A
3630,84562B
3631,84563A
3632,84563B
3633,84564
3634,84567
3635,84568
3636,84569A
3637,84569B
3638,84569C
3639,84569D
3640,84570B
3641,84572
3642,84575A
3643,84575B
3644,84576
3645,84578
3646,84580
3647,84581
3648,84582
3649,84584
3650,84586L
3651,84592
3652,84593
3653,84595B
3654,84595E
3655,84596B
3656,84596E
3657,84596F
3658,84596G
3659,84596I
3660,84596J
3661,84596K
3662,84596L
3663,84597B
3664,84597C
3665,84598
3666,84599
3667,84600
3668,84601A
3669,84608
3670,84609
3671,84611B
3672,84612B
3673,84613A
3674,84613C
3675,84614A
3676,84614C
3677,84615
3678,84616
3679,84617
3680,84619
3681,84620
3682,84621
3683,84622
3684,84623
3685,84625A
3686,84625B
3687,84625C
3688,84625D
3689,84626
3690,84627
3691,84629
3692,84630
3693,84631
3694,84632
3695,84637
3696,84638
3697,84648
3698,84653
3699,84656
3700,84657
3701,84658
3702,84659A
3703,84660A
3704,84660B
3705,84660C
3706,84661A
3707,84661B
3708,84661C
3709,84663A
3710,84664
3711,84665
3712,84666
3713,84670
3714,84671B
3715,84673A
3716,84673B
3717,84674
3718,84675
3719,84676
3720,84678
3721,84679
3722,84680
3723,84682
3724,84683
3725,84684
3726,84685
3727,84686
3728,84687
3729,84688
3730,84689
3731,84690
3732,84691
3733,84692
3734,84705A
3735,84705B
3736,84705C
3737,84705D
3738,84705F
3739,84706A
3740,84706B
3741,84706C
3742,84706D
3743,84706F
3744,84707A
3745,84707B
3746,84708B
3747,84709A
3748,84709B
3749,84711A
3750,84711B
3751,84712B
3752,84715
3753,84720
3754,84721
3755,84723
3756,84725
3757,84726
3758,84731
3759,84732B
3760,84732D
3761,84741C
3762,84743C
3763,84744
3764,84745A
3765,84745B
3766,84746
3767,84748
3768,84750A
3769,84750B
3770,84751B
3771,84753A
3772,84754
3773,84755
3774,84757
3775,84760L
3776,84760S
3777,84761
3778,84762A
3779,84762B
3780,84762C
3781,84763
3782,84765
3783,84766
3784,84767
3785,84770
3786,84773
3787,84782A
3788,84782B
3789,84782C
3790,84789
3791,84791
3792,84792
3793,84795A
3794,84795B
3795,84795C
3796,84795D
3797,84795E
3798,84796A
3799,84796B
3800,84797A
3801,84797B
3802,84798A
3803,84798B
3804,84798C
3805,84799
3806,84800L
3807,84800M
3808,84800S
3809,84801A
3810,84801B
3811,84802A
3812,84802B
3813,84803A
3814,84803B
3815,84804A
3816,84804B
3817,84805A
3818,84805B
3819,84806A
3820,84806B
3821,84807
3822,84809A
3823,84809B
3824,84813
3825,84814A
3826,84814B
3827,84815
3828,84816
3829,84817
3830,84818
3831,84819
3832,84820
3833,84821
3834,84823
3835,84824
3836,84826
3837,84827
3838,84828
3839,84830
3840,84832
3841,84836
3842,84837
3843,84838
3844,84839
3845,84840
3846,84842
3847,84843
3848,84845A
3849,84845C
3850,84845D
3851,84846A
3852,84847
3853,84849A
3854,84849B
3855,84849D
3856,84854
3857,84855
3858,84856L
3859,84856S
3860,84857A
3861,84857B
3862,84857C
3863,84858A
3864,84858B
3865,84858C
3866,84859A
3867,84859B
3868,84859C
3869,84864A
3870,84865
3871,84867A
3872,84867B
3873,84868A
3874,84868B
3875,84869
3876,84870B
3877,84870C
3878,84872A
3879,84873A
3880,84874B
3881,84875A
3882,84875B
3883,84875D
3884,84876B
3885,84876C
3886,84876D
3887,84877A
3888,84877B
3889,84877D
3890,84879
3891,84880
3892,84881
3893,84882
3894,84884A
3895,84886
3896,84891B
3897,84893
3898,84898F
3899,84899E
3900,84899F
3901,84901
3902,84902
3903,84905
3904,84906
3905,84907
3906,84908A
3907,84908B
3908,84909A
3909,84910A
3910,84912A
3911,84912B
3912,84913A
3913,84913B
3914,84914A
3915,84915
3916,84916
3917,84917
3918,84918
3919,84919
3920,84920
3921,84921
3922,84922
3923,84923
3924,84924A
3925,84924D
3926,84924F
3927,84925A
3928,84925C
3929,84925D
3930,84925E
3931,84925F
3932,84926A
3933,84926B
3934,84926C
3935,84926D
3936,84926E
3937,84926F
3938,84927A
3939,84927D
3940,84927E
3941,84927F
3942,84929
3943,84931A
3944,84931B
3945,84932A
3946,84932B
3947,84932C
3948,84932D
3949,84933A
3950,84933B
3951,84933C
3952,84934
3953,84937
3954,84942
3955,84944
3956,84945
3957,84946
3958,84947
3959,84948
3960,84949
3961,84950
3962,84951A
3963,84951B
3964,84952A
3965,84952B
3966,84952C
3967,84962
3968,84963A
3969,84963B
3970,84964A
3971,84964B
3972,84965A
3973,84965B
3974,84966A
3975,84966B
3976,84966C
3977,84967A
3978,84967B
3979,84967C
3980,84968A
3981,84968B
3982,84968C
3983,84968D
3984,84968E
3985,84968F
3986,84969
3987,84970L
3988,84970S
3989,84971L
3990,84971S
3991,84972L
3992,84974
3993,84975
3994,84976
3995,84977
3996,84978
3997,84984A
3998,84984B
3999,84984C
4000,84984D
4001,84985A
4002,84985B
4003,84986B
4004,84987
4005,84988
4006,84989A
4007,84989B
4008,84990
4009,84991
4010,84992
4011,84993A
4012,84993B
4013,84997A
4014,84997B
4015,84997C
4016,84997D
4017,85006
4018,85007
4019,85008
4020,85014A
4021,85014B
4022,85014C
4023,85014D
4024,85015
4025,85016
4026,85017A
4027,85017B
4028,85017C
4029,85018A
4030,85018B
4031,85018C
4032,85018D
4033,85019A
4034,85019B
4035,85019C
4036,85020
4037,85023A
4038,85023B
4039,85023C
4040,85024A
4041,85024B
4042,85024C
4043,85025B
4044,85025C
4045,85026B
4046,85027L
4047,85028L
4048,85028S
4049,85030
4050,85031A
4051,85031B
4052,85031C
4053,85032A
4054,85032B
4055,85032C
4056,85032D
4057,85033G
4058,85033S
4059,85034A
4060,85034B
4061,85034C
4062,85035A
4063,85035B
4064,85035C
4065,85036A
4066,85036B
4067,85036C
4068,85038
4069,85039A
4070,85039B
4071,85039C
4072,85040A
4073,85040B
4074,85041
4075,85042
4076,85043
4077,85044
4078,85045
4079,85047
4080,85048
4081,85049A
4082,85049B
4083,85049C
4084,85049D
4085,85049E
4086,85049F
4087,85049G
4088,85049H
4089,85050
4090,85053
4091,85054
4092,85055
4093,85059
4094,85060
4095,85061W
4096,85062
4097,85063
4098,85064
4099,85065
4100,85066
4101,85067
4102,85068
4103,85069
4104,85070
4105,85071A
4106,85071B
4107,85071C
4108,85071D
4109,85072
4110,85077
4111,85078
4112,85079
4113,85080
4114,85081
4115,85083
4116,85084
4117,85086A
4118,85087
4119,85088
4120,85089
4121,85090
4122,85091
4123,85092
4124,85093
4125,85094
4126,85095
4127,85096
4128,85097B
4129,85098B
4130,85099B
4131,85099C
4132,85099F
4133,85103
4134,85104
4135,85106
4136,85107
4137,85109
4138,85110
4139,85111
4140,85112
4141,85113
4142,85114A
4143,85114B
4144,85114C
4145,85115B
4146,85116
4147,85117
4148,85118
4149,85119
4150,85121B
4151,85121C
4152,85123A
4153,85123B
4154,85124A
4155,85124B
4156,85124C
4157,85125
4158,85126
4159,85127
4160,85128
4161,85129A
4162,85129B
4163,85129C
4164,85129D
4165,85130A
4166,85130B
4167,85130C
4168,85130D
4169,85131A
4170,85131B
4171,85131C
4172,85131D
4173,85132A
4174,85132B
4175,85132C
4176,85135A
4177,85135B
4178,85135C
4179,85136A
4180,85136B
4181,85136C
4182,85141
4183,85142
4184,85144
4185,85145
4186,85146
4187,85147
4188,85150
4189,85151
4190,85152
4191,85157
4192,85159A
4193,85159B
4194,85160A
4195,85160B
4196,85161
4197,85162A
4198,85162B
4199,85162C
4200,85163A
4201,85163B
4202,85164B
4203,85165
4204,85166A
4205,85166B
4206,85167A
4207,85167B
4208,85168A
4209,85168B
4210,85169A
4211,85169B
4212,85169C
4213,85169D
4214,85170A
4215,85170B
4216,85170C
4217,85170D
4218,85171
4219,85172
4220,85173
4221,85174
4222,85175
4223,85176
4224,85177
4225,85178
4226,85179A
4227,85179B
4228,85179C
4229,85180A
4230,85180B
4231,85183A
4232,85183B
4233,85184B
4234,85184C
4235,85184D
4236,85185B
4237,85185C
4238,85185D
4239,85185E
4240,85185F
4241,85186A
4242,85186B
4243,85186C
4244,85187
4245,85188A
4246,85188B
4247,85189
4248,85190
4249,85192S
4250,85194L
4251,85194S
4252,85195
4253,85196
4254,85197
4255,85198
4256,85199L
4257,85199S
4258,85200
4259,85202
4260,85203
4261,85204
4262,85205A
4263,85205B
4264,85206A
4265,85206B
4266,85208
4267,85211
4268,85212
4269,85213
4270,85214
4271,85215
4272,85216
4273,85217
4274,85218
4275,85220
4276,85221
4277,85222
4278,85224
4279,85225
4280,85226A
4281,85226C
4282,85227
4283,85230A
4284,85230B
4285,85230C
4286,85230D
4287,85230E
4288,85230F
4289,85230G
4290,85231B
4291,85231E
4292,85231G
4293,85231L
4294,85232A
4295,85232B
4296,85232C
4297,85232D
4298,90000A
4299,90000B
4300,90000C
4301,90000D
4302,90001A
4303,90001B
4304,90001C
4305,90001D
4306,90002A
4307,90002B
4308,90002C
4309,90002D
4310,90002E
4311,90003B
4312,90003C
4313,90003D
4314,90003E
4315,90004A
4316,90005A
4317,90010A
4318,90010B
4319,90010E
4320,90011A
4321,90011B
4322,90011C
4323,90011D
4324,90011E
4325,90012A
4326,90012B
4327,90013A
4328,90013B
4329,90013C
4330,90013D
4331,90013E
4332,90014A
4333,90014B
4334,90014C
4335,90016A
4336,90016B
4337,90016C
4338,90018A
4339,90018B
4340,90018C
4341,90019A
4342,90019B
4343,90019C
4344,90020
4345,90021
4346,90022
4347,90023
4348,90024A
4349,90024B
4350,90024C
4351,90024D
4352,90024E
4353,90024F
4354,90025A
4355,90025B
4356,90025C
4357,90025D
4358,90025E
4359,90025F
4360,90026A
4361,90026B
4362,90026C
4363,90026D
4364,90027A
4365,90027B
4366,90027C
4367,90027D
4368,90028
4369,90029
4370,90030A
4371,90030B
4372,90030C
4373,90031
4374,90032
4375,90033
4376,90034
4377,90035A
4378,90035B
4379,90035C
4380,90036A
4381,90036B
4382,90036C
4383,90036D
4384,90036E
4385,90036F
4386,90037A
4387,90037B
4388,90037C
4389,90037D
4390,90038A
4391,90038B
4392,90038C
4393,90039A
4394,90039B
4395,90039C
4396,90039D
4397,90040A
4398,90040B
4399,90040C
4400,90040D
4401,90041
4402,90042A
4403,90042B
4404,90042C
4405,90043
4406,90046
4407,90048
4408,90049
4409,90050
4410,90051
4411,90052
4412,90053
4413,90054
4414,90055
4415,90056
4416,90057
4417,90058A
4418,90058B
4419,90059A
4420,90059B
4421,90059C
4422,90059D
4423,90059E
4424,90059F
4425,90060B
4426,90060C
4427,90060D
4428,90060F
4429,90062
4430,90063A
4431,90063B
4432,90064A
4433,90064B
4434,90065A
4435,90065B
4436,90066A
4437,90067A
4438,90067B
4439,90068
4440,90069
4441,90070
4442,90071
4443,90072
4444,90073
4445,90074
4446,90075
4447,90076
4448,90077
4449,90078
4450,90079
4451,90081A
4452,90081B
4453,90081C
4454,90082A
4455,90082B
4456,90082C
4457,90082D
4458,90083
4459,90084
4460,90085
4461,90086
4462,90087
4463,90088
4464,90089
4465,90090
4466,90091
4467,90092
4468,90093
4469,90094
4470,90095
4471,90096
4472,90098
4473,90099
4474,90100
4475,90101
4476,90102
4477,90103
4478,90104
4479,90108
4480,90111
4481,90112
4482,90114
4483,90115
4484,90116
4485,90118
4486,90119
4487,90120A
4488,90120B
4489,90120C
4490,90120D
4491,90121B
4492,90122A
4493,90122B
4494,90122C
4495,90123A
4496,90123B
4497,90123C
4498,90123D
4499,90124A
4500,90124B
4501,90124C
4502,90125A
4503,90125B
4504,90125C
4505,90125D
4506,90125E
4507,90126A
4508,90126B
4509,90126C
4510,90127A
4511,90127B
4512,90128A
4513,90128B
4514,90128C
4515,90128D
4516,90129A
4517,90129B
4518,90129C
4519,90129D
4520,90129E
4521,90129F
4522,90130A
4523,90130B
4524,90130C
4525,90130D
4526,90131
4527,90132
4528,90133
4529,90134
4530,90135
4531,90135A
4532,90136
4533,90137
4534,90138
4535,90139
4536,90140
4537,90141A
4538,90141B
4539,90141C
4540,90141D
4541,90141E
4542,90142A
4543,90142B
4544,90142C
4545,90142D
4546,90143
4547,90144
4548,90145
4549,90146
4550,90147
4551,90148
4552,90149
4553,90150
4554,90151
4555,90152A
4556,90152B
4557,90152C
4558,90154
4559,90155
4560,90156
4561,90157
4562,90158
4563,90159
4564,90160A
4565,90160B
4566,90160C
4567,90160D
4568,90161A
4569,90161B
4570,90161C
4571,90161D
4572,90162A
4573,90162B
4574,90162C
4575,90162D
4576,90163A
4577,90163B
4578,90164A
4579,90164B
4580,90165A
4581,90165B
4582,90166
4583,90167
4584,90168
4585,90169
4586,90170
4587,90171
4588,90173
4589,90174
4590,90175A
4591,90175B
4592,90175C
4593,90175D
4594,90176A
4595,90176B
4596,90176C
4597,90176D
4598,90176E
4599,90177A
4600,90177B
4601,90177C
4602,90177D
4603,90177E
4604,90178A
4605,90178B
4606,90179A
4607,90179B
4608,90179C
4609,90180A
4610,90180B
4611,90181A
4612,90181B
4613,90181C
4614,90182A
4615,90182B
4616,90182C
4617,90183A
4618,90183B
4619,90183C
4620,90184A
4621,90184B
4622,90184C
4623,90185A
4624,90185B
4625,90185C
4626,90185D
4627,90186A
4628,90186B
4629,90187A
4630,90187B
4631,90188
4632,90189A
4633,90189B
4634,90190A
4635,90190B
4636,90190C
4637,90191
4638,90192
4639,90194
4640,90195A
4641,90195B
4642,90196A
4643,90196B
4644,90197B
4645,90197D
4646,90198A
4647,90198B
4648,90199A
4649,90199B
4650,90199C
4651,90199D
4652,90200A
4653,90200B
4654,90200C
4655,90200D
4656,90200E
4657,90201A
4658,90201B
4659,90201C
4660,90201D
4661,90202A
4662,90202B
4663,90202C
4664,90202D
4665,90203
4666,90204
4667,90205A
4668,90205C
4669,90206A
4670,90206C
4671,90208
4672,90209A
4673,90209B
4674,90209C
4675,90210A
4676,90210B
4677,90210C
4678,90210D
4679,90211A
4680,90211B
4681,90212B
4682,90212C
4683,90214A
4684,90214B
4685,90214C
4686,90214D
4687,90214E
4688,90214F
4689,90214G
4690,90214H
4691,90214I
4692,90214J
4693,90214K
4694,90214L
4695,90214M
4696,90214N
4697,90214O
4698,90214P
4699,90214R
4700,90214S
4701,90214T
4702,90214U
4703,90214V
4704,90214W
4705,90214Y
4706,90214Z
4707,DCGS0003
4708,DCGS0004
4709,DCGS0037
4710,DCGS0041
4711,DCGS0044
4712,DCGS0058
4713,DCGS0062
4714,DCGS0066N
4715,DCGS0068
4716,DCGS0069
4717,DCGS0070
4718,DCGS0072
4719,DCGS0075
4720,DCGS0076
4721,DCGSSBOY
4722,DCGSSGIRL
4723,PADS
4724,SP1002
