Invoice,TransactionCopies,SourceSheetCount,UniqueFingerprints,MinimumLineCount,MaximumLineCount,TotalLinesAcrossCopies,MinimumUniqueItemCount,MaximumUniqueItemCount,EarliestTimestamp,LatestTimestamp,MatchingLineCopies,ExactSameTransaction
536365,2,2,1,7,7,14,7,7,2010-12-01 08:26:00,2010-12-01 08:26:00,7,True
536366,2,2,1,2,2,4,2,2,2010-12-01 08:28:00,2010-12-01 08:28:00,2,True
536367,2,2,1,12,12,24,12,12,2010-12-01 08:34:00,2010-12-01 08:34:00,12,True
536368,2,2,1,4,4,8,4,4,2010-12-01 08:34:00,2010-12-01 08:34:00,4,True
536369,2,2,1,1,1,2,1,1,2010-12-01 08:35:00,2010-12-01 08:35:00,1,True
536370,2,2,1,19,19,38,19,19,2010-12-01 08:45:00,2010-12-01 08:45:00,19,True
536371,2,2,1,1,1,2,1,1,2010-12-01 09:00:00,2010-12-01 09:00:00,1,True
536372,2,2,1,2,2,4,2,2,2010-12-01 09:01:00,2010-12-01 09:01:00,2,True
536373,2,2,1,16,16,32,16,16,2010-12-01 09:02:00,2010-12-01 09:02:00,16,True
536374,2,2,1,1,1,2,1,1,2010-12-01 09:09:00,2010-12-01 09:09:00,1,True
536375,2,2,1,16,16,32,16,16,2010-12-01 09:32:00,2010-12-01 09:32:00,16,True
536376,2,2,1,2,2,4,2,2,2010-12-01 09:32:00,2010-12-01 09:32:00,2,True
536377,2,2,1,2,2,4,2,2,2010-12-01 09:34:00,2010-12-01 09:34:00,2,True
536378,2,2,1,19,19,38,19,19,2010-12-01 09:37:00,2010-12-01 09:37:00,19,True
536380,2,2,1,1,1,2,1,1,2010-12-01 09:41:00,2010-12-01 09:41:00,1,True
536381,2,2,1,35,35,70,34,34,2010-12-01 09:41:00,2010-12-01 09:41:00,35,True
536382,2,2,1,12,12,24,12,12,2010-12-01 09:45:00,2010-12-01 09:45:00,12,True
536384,2,2,1,13,13,26,13,13,2010-12-01 09:53:00,2010-12-01 09:53:00,13,True
536385,2,2,1,7,7,14,7,7,2010-12-01 09:56:00,2010-12-01 09:56:00,7,True
536386,2,2,1,3,3,6,3,3,2010-12-01 09:57:00,2010-12-01 09:57:00,3,True
536387,2,2,1,5,5,10,5,5,2010-12-01 09:58:00,2010-12-01 09:58:00,5,True
536388,2,2,1,14,14,28,14,14,2010-12-01 09:59:00,2010-12-01 09:59:00,14,True
536389,2,2,1,14,14,28,14,14,2010-12-01 10:03:00,2010-12-01 10:03:00,14,True
536390,2,2,1,24,24,48,24,24,2010-12-01 10:19:00,2010-12-01 10:19:00,24,True
536392,2,2,1,10,10,20,10,10,2010-12-01 10:29:00,2010-12-01 10:29:00,10,True
536393,2,2,1,1,1,2,1,1,2010-12-01 10:37:00,2010-12-01 10:37:00,1,True
536394,2,2,1,11,11,22,11,11,2010-12-01 10:39:00,2010-12-01 10:39:00,11,True
536395,2,2,1,14,14,28,14,14,2010-12-01 10:47:00,2010-12-01 10:47:00,14,True
536396,2,2,1,18,18,36,18,18,2010-12-01 10:51:00,2010-12-01 10:51:00,18,True
536397,2,2,1,2,2,4,2,2,2010-12-01 10:51:00,2010-12-01 10:51:00,2,True
536398,2,2,1,17,17,34,17,17,2010-12-01 10:52:00,2010-12-01 10:52:00,17,True
536399,2,2,1,2,2,4,2,2,2010-12-01 10:52:00,2010-12-01 10:52:00,2,True
536400,2,2,1,1,1,2,1,1,2010-12-01 10:53:00,2010-12-01 10:53:00,1,True
536401,2,2,1,64,64,128,64,64,2010-12-01 11:21:00,2010-12-01 11:21:00,64,True
536402,2,2,1,3,3,6,3,3,2010-12-01 11:22:00,2010-12-01 11:22:00,3,True
536403,2,2,1,1,1,2,1,1,2010-12-01 11:27:00,2010-12-01 11:27:00,1,True
536404,2,2,1,28,28,56,28,28,2010-12-01 11:29:00,2010-12-01 11:29:00,28,True
536405,2,2,1,1,1,2,1,1,2010-12-01 11:32:00,2010-12-01 11:32:00,1,True
536406,2,2,1,17,17,34,17,17,2010-12-01 11:33:00,2010-12-01 11:33:00,17,True
536407,2,2,1,2,2,4,2,2,2010-12-01 11:34:00,2010-12-01 11:34:00,2,True
536408,2,2,1,48,48,96,48,48,2010-12-01 11:41:00,2010-12-01 11:41:00,48,True
536409,2,2,1,54,54,108,51,51,2010-12-01 11:45:00,2010-12-01 11:45:00,54,True
536412,2,2,1,68,68,136,54,54,2010-12-01 11:49:00,2010-12-01 11:49:00,68,True
536415,2,2,1,59,59,118,59,59,2010-12-01 11:57:00,2010-12-01 11:57:00,59,True
536416,2,2,1,6,6,12,6,6,2010-12-01 11:58:00,2010-12-01 11:58:00,6,True
536420,2,2,1,14,14,28,14,14,2010-12-01 12:03:00,2010-12-01 12:03:00,14,True
536423,2,2,1,9,9,18,9,9,2010-12-01 12:08:00,2010-12-01 12:08:00,9,True
536425,2,2,1,17,17,34,17,17,2010-12-01 12:08:00,2010-12-01 12:08:00,17,True
536437,2,2,1,6,6,12,6,6,2010-12-01 12:12:00,2010-12-01 12:12:00,6,True
536446,2,2,1,31,31,62,28,28,2010-12-01 12:15:00,2010-12-01 12:15:00,31,True
536460,2,2,1,14,14,28,14,14,2010-12-01 12:22:00,2010-12-01 12:22:00,14,True
536463,2,2,1,1,1,2,1,1,2010-12-01 12:22:00,2010-12-01 12:22:00,1,True
536464,2,2,1,81,81,162,74,74,2010-12-01 12:23:00,2010-12-01 12:23:00,81,True
536466,2,2,1,2,2,4,2,2,2010-12-01 12:23:00,2010-12-01 12:23:00,2,True
536477,2,2,1,14,14,28,14,14,2010-12-01 12:27:00,2010-12-01 12:27:00,14,True
536488,2,2,1,34,34,68,31,31,2010-12-01 12:31:00,2010-12-01 12:31:00,34,True
536500,2,2,1,15,15,30,15,15,2010-12-01 12:35:00,2010-12-01 12:35:00,15,True
536502,2,2,1,5,5,10,5,5,2010-12-01 12:36:00,2010-12-01 12:36:00,5,True
536508,2,2,1,2,2,4,2,2,2010-12-01 12:38:00,2010-12-01 12:38:00,2,True
536514,2,2,1,5,5,10,5,5,2010-12-01 12:40:00,2010-12-01 12:40:00,5,True
536520,2,2,1,71,71,142,69,69,2010-12-01 12:43:00,2010-12-01 12:43:00,71,True
536521,2,2,1,1,1,2,1,1,2010-12-01 12:48:00,2010-12-01 12:48:00,1,True
536522,2,2,1,52,52,104,46,46,2010-12-01 12:49:00,2010-12-01 12:49:00,52,True
536523,2,2,1,12,12,24,12,12,2010-12-01 12:50:00,2010-12-01 12:50:00,12,True
536524,2,2,1,4,4,8,4,4,2010-12-01 12:51:00,2010-12-01 12:51:00,4,True
536525,2,2,1,13,13,26,13,13,2010-12-01 12:54:00,2010-12-01 12:54:00,13,True
536526,2,2,1,9,9,18,9,9,2010-12-01 12:58:00,2010-12-01 12:58:00,9,True
536527,2,2,1,14,14,28,14,14,2010-12-01 13:04:00,2010-12-01 13:04:00,14,True
536528,2,2,1,48,48,96,44,44,2010-12-01 13:17:00,2010-12-01 13:17:00,48,True
536529,2,2,1,9,9,18,9,9,2010-12-01 13:20:00,2010-12-01 13:20:00,9,True
536530,2,2,1,22,22,44,22,22,2010-12-01 13:21:00,2010-12-01 13:21:00,22,True
536531,2,2,1,22,22,44,22,22,2010-12-01 13:23:00,2010-12-01 13:23:00,22,True
536532,2,2,1,73,73,146,73,73,2010-12-01 13:24:00,2010-12-01 13:24:00,73,True
536533,2,2,1,6,6,12,6,6,2010-12-01 13:31:00,2010-12-01 13:31:00,6,True
536534,2,2,1,5,5,10,5,5,2010-12-01 13:33:00,2010-12-01 13:33:00,5,True
536535,2,2,1,12,12,24,12,12,2010-12-01 13:38:00,2010-12-01 13:38:00,12,True
536536,2,2,1,3,3,6,3,3,2010-12-01 13:45:00,2010-12-01 13:45:00,3,True
536537,2,2,1,11,11,22,11,11,2010-12-01 13:51:00,2010-12-01 13:51:00,11,True
536538,2,2,1,31,31,62,31,31,2010-12-01 13:54:00,2010-12-01 13:54:00,31,True
536539,2,2,1,27,27,54,27,27,2010-12-01 14:03:00,2010-12-01 14:03:00,27,True
536540,2,2,1,19,19,38,19,19,2010-12-01 14:05:00,2010-12-01 14:05:00,19,True
536541,2,2,1,1,1,2,1,1,2010-12-01 14:05:00,2010-12-01 14:05:00,1,True
536542,2,2,1,16,16,32,16,16,2010-12-01 14:11:00,2010-12-01 14:11:00,16,True
536544,2,2,1,526,526,1052,522,522,2010-12-01 14:32:00,2010-12-01 14:32:00,526,True
536551,2,2,1,31,31,62,29,29,2010-12-01 14:34:00,2010-12-01 14:34:00,31,True
536555,2,2,1,2,2,4,2,2,2010-12-01 14:37:00,2010-12-01 14:37:00,2,True
536556,2,2,1,8,8,16,8,8,2010-12-01 14:38:00,2010-12-01 14:38:00,8,True
536557,2,2,1,64,64,128,62,62,2010-12-01 14:41:00,2010-12-01 14:41:00,64,True
536558,2,2,1,1,1,2,1,1,2010-12-01 14:48:00,2010-12-01 14:48:00,1,True
536559,2,2,1,8,8,16,7,7,2010-12-01 14:54:00,2010-12-01 14:54:00,8,True
536560,2,2,1,13,13,26,13,13,2010-12-01 15:00:00,2010-12-01 15:00:00,13,True
536561,2,2,1,15,15,30,15,15,2010-12-01 15:06:00,2010-12-01 15:06:00,15,True
536562,2,2,1,18,18,36,18,18,2010-12-01 15:08:00,2010-12-01 15:08:00,18,True
536563,2,2,1,9,9,18,9,9,2010-12-01 15:08:00,2010-12-01 15:08:00,9,True
536564,2,2,1,2,2,4,2,2,2010-12-01 15:08:00,2010-12-01 15:08:00,2,True
536565,2,2,1,2,2,4,2,2,2010-12-01 15:15:00,2010-12-01 15:15:00,2,True
536566,2,2,1,6,6,12,6,6,2010-12-01 15:21:00,2010-12-01 15:21:00,6,True
536567,2,2,1,7,7,14,7,7,2010-12-01 15:27:00,2010-12-01 15:27:00,7,True
536568,2,2,1,1,1,2,1,1,2010-12-01 15:28:00,2010-12-01 15:28:00,1,True
536569,2,2,1,63,63,126,63,63,2010-12-01 15:35:00,2010-12-01 15:35:00,63,True
536570,2,2,1,5,5,10,5,5,2010-12-01 15:35:00,2010-12-01 15:35:00,5,True
536571,2,2,1,18,18,36,18,18,2010-12-01 15:37:00,2010-12-01 15:37:00,18,True
536572,2,2,1,21,21,42,21,21,2010-12-01 15:40:00,2010-12-01 15:40:00,21,True
536573,2,2,1,4,4,8,4,4,2010-12-01 15:45:00,2010-12-01 15:45:00,4,True
536574,2,2,1,1,1,2,1,1,2010-12-01 15:46:00,2010-12-01 15:46:00,1,True
536575,2,2,1,8,8,16,8,8,2010-12-01 16:01:00,2010-12-01 16:01:00,8,True
536576,2,2,1,16,16,32,16,16,2010-12-01 16:11:00,2010-12-01 16:11:00,16,True
536577,2,2,1,4,4,8,4,4,2010-12-01 16:13:00,2010-12-01 16:13:00,4,True
536578,2,2,1,8,8,16,8,8,2010-12-01 16:15:00,2010-12-01 16:15:00,8,True
536579,2,2,1,2,2,4,2,2,2010-12-01 16:16:00,2010-12-01 16:16:00,2,True
536580,2,2,1,6,6,12,6,6,2010-12-01 16:17:00,2010-12-01 16:17:00,6,True
536581,2,2,1,1,1,2,1,1,2010-12-01 16:19:00,2010-12-01 16:19:00,1,True
536582,2,2,1,17,17,34,17,17,2010-12-01 16:21:00,2010-12-01 16:21:00,17,True
536583,2,2,1,1,1,2,1,1,2010-12-01 16:21:00,2010-12-01 16:21:00,1,True
536584,2,2,1,1,1,2,1,1,2010-12-01 16:22:00,2010-12-01 16:22:00,1,True
536585,2,2,1,1,1,2,1,1,2010-12-01 16:24:00,2010-12-01 16:24:00,1,True
536586,2,2,1,7,7,14,7,7,2010-12-01 16:25:00,2010-12-01 16:25:00,7,True
536587,2,2,1,22,22,44,22,22,2010-12-01 16:33:00,2010-12-01 16:33:00,22,True
536588,2,2,1,11,11,22,11,11,2010-12-01 16:49:00,2010-12-01 16:49:00,11,True
536590,2,2,1,14,14,28,14,14,2010-12-01 16:52:00,2010-12-01 16:52:00,14,True
536591,2,2,1,40,40,80,40,40,2010-12-01 16:57:00,2010-12-01 16:58:00,40,True
536592,2,2,1,591,591,1182,589,589,2010-12-01 17:06:00,2010-12-01 17:06:00,591,True
536593,2,2,1,5,5,10,5,5,2010-12-01 17:15:00,2010-12-01 17:15:00,5,True
536594,2,2,1,5,5,10,5,5,2010-12-01 17:22:00,2010-12-01 17:22:00,5,True
536595,2,2,1,11,11,22,11,11,2010-12-01 17:24:00,2010-12-01 17:24:00,11,True
536596,2,2,1,6,6,12,6,6,2010-12-01 17:29:00,2010-12-01 17:29:00,6,True
536597,2,2,1,28,28,56,28,28,2010-12-01 17:35:00,2010-12-01 17:35:00,28,True
536598,2,2,1,4,4,8,4,4,2010-12-02 07:48:00,2010-12-02 07:48:00,4,True
536599,2,2,1,6,6,12,6,6,2010-12-02 07:49:00,2010-12-02 07:49:00,6,True
536600,2,2,1,12,12,24,12,12,2010-12-02 08:32:00,2010-12-02 08:32:00,12,True
536601,2,2,1,2,2,4,2,2,2010-12-02 08:33:00,2010-12-02 08:33:00,2,True
536602,2,2,1,12,12,24,12,12,2010-12-02 08:34:00,2010-12-02 08:34:00,12,True
536603,2,2,1,2,2,4,2,2,2010-12-02 08:40:00,2010-12-02 08:40:00,2,True
536604,2,2,1,9,9,18,9,9,2010-12-02 08:43:00,2010-12-02 08:43:00,9,True
536605,2,2,1,15,15,30,15,15,2010-12-02 08:52:00,2010-12-02 08:52:00,15,True
536607,2,2,1,18,18,36,18,18,2010-12-02 09:29:00,2010-12-02 09:29:00,18,True
536608,2,2,1,3,3,6,3,3,2010-12-02 09:37:00,2010-12-02 09:37:00,3,True
536609,2,2,1,16,16,32,16,16,2010-12-02 09:41:00,2010-12-02 09:41:00,16,True
536610,2,2,1,2,2,4,2,2,2010-12-02 09:42:00,2010-12-02 09:42:00,2,True
536611,2,2,1,14,14,28,14,14,2010-12-02 09:43:00,2010-12-02 09:43:00,14,True
536612,2,2,1,15,15,30,15,15,2010-12-02 09:44:00,2010-12-02 09:44:00,15,True
536613,2,2,1,17,17,34,17,17,2010-12-02 09:44:00,2010-12-02 09:44:00,17,True
536614,2,2,1,2,2,4,2,2,2010-12-02 09:44:00,2010-12-02 09:44:00,2,True
536615,2,2,1,12,12,24,12,12,2010-12-02 10:09:00,2010-12-02 10:09:00,12,True
536616,2,2,1,1,1,2,1,1,2010-12-02 10:10:00,2010-12-02 10:10:00,1,True
536617,2,2,1,11,11,22,11,11,2010-12-02 10:17:00,2010-12-02 10:17:00,11,True
536618,2,2,1,21,21,42,21,21,2010-12-02 10:17:00,2010-12-02 10:17:00,21,True
536619,2,2,1,2,2,4,2,2,2010-12-02 10:18:00,2010-12-02 10:18:00,2,True
536620,2,2,1,23,23,46,23,23,2010-12-02 10:27:00,2010-12-02 10:27:00,23,True
536621,2,2,1,10,10,20,10,10,2010-12-02 10:35:00,2010-12-02 10:35:00,10,True
536623,2,2,1,48,48,96,48,48,2010-12-02 10:39:00,2010-12-02 10:39:00,48,True
536624,2,2,1,22,22,44,22,22,2010-12-02 10:45:00,2010-12-02 10:45:00,22,True
536626,2,2,1,1,1,2,1,1,2010-12-02 10:46:00,2010-12-02 10:46:00,1,True
536627,2,2,1,14,14,28,14,14,2010-12-02 10:53:00,2010-12-02 10:53:00,14,True
536628,2,2,1,16,16,32,16,16,2010-12-02 10:54:00,2010-12-02 10:54:00,16,True
536629,2,2,1,2,2,4,2,2,2010-12-02 10:55:00,2010-12-02 10:55:00,2,True
536630,2,2,1,16,16,32,16,16,2010-12-02 10:56:00,2010-12-02 10:56:00,16,True
536631,2,2,1,2,2,4,2,2,2010-12-02 10:58:00,2010-12-02 10:58:00,2,True
536632,2,2,1,21,21,42,21,21,2010-12-02 11:02:00,2010-12-02 11:02:00,21,True
536633,2,2,1,18,18,36,18,18,2010-12-02 11:20:00,2010-12-02 11:20:00,18,True
536634,2,2,1,14,14,28,14,14,2010-12-02 11:21:00,2010-12-02 11:21:00,14,True
536635,2,2,1,20,20,40,20,20,2010-12-02 11:22:00,2010-12-02 11:22:00,20,True
536636,2,2,1,1,1,2,1,1,2010-12-02 11:23:00,2010-12-02 11:23:00,1,True
536637,2,2,1,59,59,118,55,55,2010-12-02 11:35:00,2010-12-02 11:35:00,59,True
536638,2,2,1,63,63,126,63,63,2010-12-02 11:41:00,2010-12-02 11:41:00,63,True
536639,2,2,1,16,16,32,16,16,2010-12-02 11:45:00,2010-12-02 11:45:00,16,True
536640,2,2,1,11,11,22,11,11,2010-12-02 11:45:00,2010-12-02 11:45:00,11,True
536641,2,2,1,1,1,2,1,1,2010-12-02 11:46:00,2010-12-02 11:46:00,1,True
536643,2,2,1,27,27,54,26,26,2010-12-02 11:57:00,2010-12-02 11:57:00,27,True
536663,2,2,1,6,6,12,6,6,2010-12-02 12:07:00,2010-12-02 12:07:00,6,True
536667,2,2,1,16,16,32,16,16,2010-12-02 12:09:00,2010-12-02 12:09:00,16,True
536670,2,2,1,1,1,2,1,1,2010-12-02 12:09:00,2010-12-02 12:09:00,1,True
536671,2,2,1,5,5,10,5,5,2010-12-02 12:10:00,2010-12-02 12:10:00,5,True
536672,2,2,1,4,4,8,4,4,2010-12-02 12:10:00,2010-12-02 12:10:00,4,True
536673,2,2,1,8,8,16,8,8,2010-12-02 12:11:00,2010-12-02 12:11:00,8,True
536674,2,2,1,21,21,42,21,21,2010-12-02 12:16:00,2010-12-02 12:16:00,21,True
536676,2,2,1,9,9,18,9,9,2010-12-02 12:18:00,2010-12-02 12:18:00,9,True
536681,2,2,1,13,13,26,13,13,2010-12-02 12:22:00,2010-12-02 12:22:00,13,True
536685,2,2,1,17,17,34,17,17,2010-12-02 12:23:00,2010-12-02 12:23:00,17,True
536688,2,2,1,2,2,4,2,2,2010-12-02 12:24:00,2010-12-02 12:24:00,2,True
536690,2,2,1,17,17,34,17,17,2010-12-02 12:25:00,2010-12-02 12:25:00,17,True
536693,2,2,1,2,2,4,2,2,2010-12-02 12:26:00,2010-12-02 12:26:00,2,True
536698,2,2,1,16,16,32,16,16,2010-12-02 12:28:00,2010-12-02 12:28:00,16,True
536707,2,2,1,13,13,26,13,13,2010-12-02 12:33:00,2010-12-02 12:33:00,13,True
536732,2,2,1,26,26,52,26,26,2010-12-02 12:47:00,2010-12-02 12:47:00,26,True
536733,2,2,1,14,14,28,14,14,2010-12-02 12:50:00,2010-12-02 12:50:00,14,True
536735,2,2,1,1,1,2,1,1,2010-12-02 12:58:00,2010-12-02 12:58:00,1,True
536736,2,2,1,5,5,10,5,5,2010-12-02 12:59:00,2010-12-02 12:59:00,5,True
536738,2,2,1,7,7,14,7,7,2010-12-02 13:06:00,2010-12-02 13:06:00,7,True
536739,2,2,1,12,12,24,12,12,2010-12-02 13:08:00,2010-12-02 13:08:00,12,True
536740,2,2,1,7,7,14,7,7,2010-12-02 13:08:00,2010-12-02 13:08:00,7,True
536741,2,2,1,15,15,30,15,15,2010-12-02 13:11:00,2010-12-02 13:11:00,15,True
536742,2,2,1,49,49,98,48,48,2010-12-02 13:14:00,2010-12-02 13:14:00,49,True
536743,2,2,1,35,35,70,35,35,2010-12-02 13:32:00,2010-12-02 13:32:00,35,True
536744,2,2,1,10,10,20,10,10,2010-12-02 13:36:00,2010-12-02 13:36:00,10,True
536745,2,2,1,10,10,20,10,10,2010-12-02 13:38:00,2010-12-02 13:38:00,10,True
536746,2,2,1,13,13,26,13,13,2010-12-02 13:39:00,2010-12-02 13:39:00,13,True
536747,2,2,1,12,12,24,12,12,2010-12-02 13:44:00,2010-12-02 13:44:00,12,True
536748,2,2,1,5,5,10,5,5,2010-12-02 13:45:00,2010-12-02 13:45:00,5,True
536749,2,2,1,57,57,114,56,56,2010-12-02 13:49:00,2010-12-02 13:49:00,57,True
536750,2,2,1,19,19,38,19,19,2010-12-02 14:04:00,2010-12-02 14:04:00,19,True
536751,2,2,1,2,2,4,2,2,2010-12-02 14:05:00,2010-12-02 14:05:00,2,True
536752,2,2,1,19,19,38,19,19,2010-12-02 14:06:00,2010-12-02 14:06:00,19,True
536753,2,2,1,2,2,4,2,2,2010-12-02 14:07:00,2010-12-02 14:07:00,2,True
536754,2,2,1,50,50,100,50,50,2010-12-02 14:09:00,2010-12-02 14:09:00,50,True
536755,2,2,1,15,15,30,15,15,2010-12-02 14:14:00,2010-12-02 14:14:00,15,True
536756,2,2,1,19,19,38,19,19,2010-12-02 14:23:00,2010-12-02 14:23:00,19,True
536759,2,2,1,17,17,34,17,17,2010-12-02 14:26:00,2010-12-02 14:26:00,17,True
536761,2,2,1,7,7,14,7,7,2010-12-02 14:30:00,2010-12-02 14:30:00,7,True
536762,2,2,1,20,20,40,20,20,2010-12-02 14:40:00,2010-12-02 14:40:00,20,True
536763,2,2,1,12,12,24,12,12,2010-12-02 14:42:00,2010-12-02 14:42:00,12,True
536769,2,2,1,31,31,62,31,31,2010-12-02 14:47:00,2010-12-02 14:47:00,31,True
536771,2,2,1,7,7,14,7,7,2010-12-02 14:49:00,2010-12-02 14:49:00,7,True
536777,2,2,1,5,5,10,5,5,2010-12-02 15:00:00,2010-12-02 15:00:00,5,True
536778,2,2,1,14,14,28,14,14,2010-12-02 15:03:00,2010-12-02 15:03:00,14,True
536780,2,2,1,4,4,8,4,4,2010-12-02 15:09:00,2010-12-02 15:09:00,4,True
536781,2,2,1,1,1,2,1,1,2010-12-02 15:14:00,2010-12-02 15:14:00,1,True
536782,2,2,1,27,27,54,27,27,2010-12-02 15:18:00,2010-12-02 15:18:00,27,True
536783,2,2,1,38,38,76,38,38,2010-12-02 15:19:00,2010-12-02 15:19:00,38,True
536784,2,2,1,25,25,50,25,25,2010-12-02 15:20:00,2010-12-02 15:20:00,25,True
536785,2,2,1,6,6,12,6,6,2010-12-02 15:22:00,2010-12-02 15:22:00,6,True
536786,2,2,1,2,2,4,2,2,2010-12-02 15:23:00,2010-12-02 15:23:00,2,True
536787,2,2,1,13,13,26,13,13,2010-12-02 15:24:00,2010-12-02 15:24:00,13,True
536788,2,2,1,1,1,2,1,1,2010-12-02 15:25:00,2010-12-02 15:25:00,1,True
536789,2,2,1,2,2,4,2,2,2010-12-02 15:25:00,2010-12-02 15:25:00,2,True
536790,2,2,1,17,17,34,17,17,2010-12-02 15:26:00,2010-12-02 15:26:00,17,True
536791,2,2,1,2,2,4,2,2,2010-12-02 15:27:00,2010-12-02 15:27:00,2,True
536792,2,2,1,1,1,2,1,1,2010-12-02 15:28:00,2010-12-02 15:28:00,1,True
536793,2,2,1,11,11,22,11,11,2010-12-02 15:39:00,2010-12-02 15:39:00,11,True
536794,2,2,1,4,4,8,4,4,2010-12-02 15:40:00,2010-12-02 15:40:00,4,True
536795,2,2,1,7,7,14,7,7,2010-12-02 15:40:00,2010-12-02 15:40:00,7,True
536796,2,2,1,105,105,210,96,96,2010-12-02 15:46:00,2010-12-02 15:46:00,105,True
536797,2,2,1,6,6,12,6,6,2010-12-02 15:49:00,2010-12-02 15:49:00,6,True
536798,2,2,1,29,29,58,29,29,2010-12-02 15:55:00,2010-12-02 15:55:00,29,True
536799,2,2,1,18,18,36,18,18,2010-12-02 16:00:00,2010-12-02 16:00:00,18,True
536800,2,2,1,19,19,38,19,19,2010-12-02 16:12:00,2010-12-02 16:12:00,19,True
536801,2,2,1,14,14,28,14,14,2010-12-02 16:12:00,2010-12-02 16:12:00,14,True
536802,2,2,1,8,8,16,8,8,2010-12-02 16:29:00,2010-12-02 16:29:00,8,True
536803,2,2,1,1,1,2,1,1,2010-12-02 16:33:00,2010-12-02 16:33:00,1,True
536804,2,2,1,25,25,50,25,25,2010-12-02 16:34:00,2010-12-02 16:34:00,25,True
536805,2,2,1,20,20,40,20,20,2010-12-02 16:38:00,2010-12-02 16:38:00,20,True
536806,2,2,1,5,5,10,5,5,2010-12-02 16:42:00,2010-12-02 16:42:00,5,True
536808,2,2,1,12,12,24,12,12,2010-12-02 16:46:00,2010-12-02 16:46:00,12,True
536809,2,2,1,1,1,2,1,1,2010-12-02 16:48:00,2010-12-02 16:48:00,1,True
536810,2,2,1,1,1,2,1,1,2010-12-02 16:50:00,2010-12-02 16:50:00,1,True
536811,2,2,1,1,1,2,1,1,2010-12-02 16:51:00,2010-12-02 16:51:00,1,True
536813,2,2,1,17,17,34,17,17,2010-12-02 16:59:00,2010-12-02 16:59:00,17,True
536819,2,2,1,17,17,34,17,17,2010-12-02 17:12:00,2010-12-02 17:12:00,17,True
536821,2,2,1,23,23,46,23,23,2010-12-02 17:17:00,2010-12-02 17:17:00,23,True
536823,2,2,1,3,3,6,3,3,2010-12-02 17:22:00,2010-12-02 17:22:00,3,True
536824,2,2,1,1,1,2,1,1,2010-12-02 17:24:00,2010-12-02 17:24:00,1,True
536830,2,2,1,2,2,4,2,2,2010-12-02 17:38:00,2010-12-02 17:38:00,2,True
536831,2,2,1,4,4,8,4,4,2010-12-02 17:40:00,2010-12-02 17:40:00,4,True
536832,2,2,1,8,8,16,8,8,2010-12-02 17:41:00,2010-12-02 17:41:00,8,True
536833,2,2,1,29,29,58,29,29,2010-12-02 17:48:00,2010-12-02 17:48:00,29,True
536834,2,2,1,1,1,2,1,1,2010-12-02 17:51:00,2010-12-02 17:51:00,1,True
536835,2,2,1,1,1,2,1,1,2010-12-02 18:06:00,2010-12-02 18:06:00,1,True
536836,2,2,1,27,27,54,26,26,2010-12-02 18:08:00,2010-12-02 18:08:00,27,True
536837,2,2,1,27,27,54,27,27,2010-12-02 18:15:00,2010-12-02 18:15:00,27,True
536838,2,2,1,3,3,6,3,3,2010-12-02 18:23:00,2010-12-02 18:23:00,3,True
536839,2,2,1,16,16,32,16,16,2010-12-02 18:25:00,2010-12-02 18:25:00,16,True
536840,2,2,1,10,10,20,10,10,2010-12-02 18:27:00,2010-12-02 18:27:00,10,True
536841,2,2,1,22,22,44,22,22,2010-12-02 18:27:00,2010-12-02 18:27:00,22,True
536842,2,2,1,11,11,22,11,11,2010-12-02 18:45:00,2010-12-02 18:45:00,11,True
536843,2,2,1,2,2,4,2,2,2010-12-02 18:46:00,2010-12-02 18:46:00,2,True
536844,2,2,1,3,3,6,3,3,2010-12-02 18:49:00,2010-12-02 18:49:00,3,True
536845,2,2,1,29,29,58,28,28,2010-12-02 19:18:00,2010-12-02 19:18:00,29,True
536846,2,2,1,70,70,140,68,68,2010-12-02 19:59:00,2010-12-02 19:59:00,70,True
536847,2,2,1,9,9,18,9,9,2010-12-03 09:31:00,2010-12-03 09:31:00,9,True
536848,2,2,1,3,3,6,3,3,2010-12-03 09:39:00,2010-12-03 09:39:00,3,True
536849,2,2,1,3,3,6,3,3,2010-12-03 09:45:00,2010-12-03 09:45:00,3,True
536851,2,2,1,15,15,30,15,15,2010-12-03 09:49:00,2010-12-03 09:49:00,15,True
536852,2,2,1,6,6,12,6,6,2010-12-03 09:51:00,2010-12-03 09:51:00,6,True
536856,2,2,1,39,39,78,39,39,2010-12-03 10:26:00,2010-12-03 10:26:00,39,True
536857,2,2,1,17,17,34,17,17,2010-12-03 10:33:00,2010-12-03 10:33:00,17,True
536858,2,2,1,5,5,10,5,5,2010-12-03 10:36:00,2010-12-03 10:36:00,5,True
536859,2,2,1,24,24,48,24,24,2010-12-03 10:43:00,2010-12-03 10:43:00,24,True
536860,2,2,1,10,10,20,10,10,2010-12-03 10:43:00,2010-12-03 10:43:00,10,True
536861,2,2,1,9,9,18,9,9,2010-12-03 10:44:00,2010-12-03 10:44:00,9,True
536862,2,2,1,80,80,160,80,80,2010-12-03 11:13:00,2010-12-03 11:13:00,80,True
536863,2,2,1,42,42,84,41,41,2010-12-03 11:19:00,2010-12-03 11:19:00,42,True
536864,2,2,1,46,46,92,46,46,2010-12-03 11:27:00,2010-12-03 11:27:00,46,True
536865,2,2,1,138,138,276,138,138,2010-12-03 11:28:00,2010-12-03 11:28:00,138,True
536866,2,2,1,1,1,2,1,1,2010-12-03 11:28:00,2010-12-03 11:28:00,1,True
536874,2,2,1,63,63,126,63,63,2010-12-03 11:35:00,2010-12-03 11:35:00,63,True
536876,2,2,1,592,592,1184,585,585,2010-12-03 11:36:00,2010-12-03 11:36:00,592,True
536883,2,2,1,1,1,2,1,1,2010-12-03 11:41:00,2010-12-03 11:41:00,1,True
536884,2,2,1,3,3,6,3,3,2010-12-03 11:42:00,2010-12-03 11:42:00,3,True
536885,2,2,1,11,11,22,11,11,2010-12-03 11:42:00,2010-12-03 11:42:00,11,True
536890,2,2,1,3,3,6,3,3,2010-12-03 11:48:00,2010-12-03 11:48:00,3,True
536920,2,2,1,10,10,20,10,10,2010-12-03 12:01:00,2010-12-03 12:01:00,10,True
536938,2,2,1,14,14,28,14,14,2010-12-03 12:05:00,2010-12-03 12:05:00,14,True
536943,2,2,1,28,28,56,28,28,2010-12-03 12:11:00,2010-12-03 12:11:00,28,True
536944,2,2,1,5,5,10,5,5,2010-12-03 12:20:00,2010-12-03 12:20:00,5,True
536945,2,2,1,62,62,124,62,62,2010-12-03 12:24:00,2010-12-03 12:24:00,62,True
536946,2,2,1,29,29,58,29,29,2010-12-03 12:28:00,2010-12-03 12:28:00,29,True
536947,2,2,1,38,38,76,38,38,2010-12-03 12:29:00,2010-12-03 12:29:00,38,True
536954,2,2,1,1,1,2,1,1,2010-12-03 12:41:00,2010-12-03 12:41:00,1,True
536956,2,2,1,15,15,30,15,15,2010-12-03 12:43:00,2010-12-03 12:43:00,15,True
536957,2,2,1,13,13,26,13,13,2010-12-03 12:43:00,2010-12-03 12:43:00,13,True
536960,2,2,1,14,14,28,14,14,2010-12-03 12:48:00,2010-12-03 12:48:00,14,True
536967,2,2,1,1,1,2,1,1,2010-12-03 12:57:00,2010-12-03 12:57:00,1,True
536968,2,2,1,2,2,4,2,2,2010-12-03 13:09:00,2010-12-03 13:09:00,2,True
536969,2,2,1,1,1,2,1,1,2010-12-03 13:10:00,2010-12-03 13:10:00,1,True
536970,2,2,1,1,1,2,1,1,2010-12-03 13:12:00,2010-12-03 13:12:00,1,True
536971,2,2,1,8,8,16,8,8,2010-12-03 13:40:00,2010-12-03 13:40:00,8,True
536972,2,2,1,14,14,28,14,14,2010-12-03 13:42:00,2010-12-03 13:42:00,14,True
536973,2,2,1,31,31,62,30,30,2010-12-03 13:43:00,2010-12-03 13:43:00,31,True
536974,2,2,1,15,15,30,15,15,2010-12-03 13:59:00,2010-12-03 13:59:00,15,True
536975,2,2,1,71,71,142,71,71,2010-12-03 14:04:00,2010-12-03 14:04:00,71,True
536976,2,2,1,19,19,38,19,19,2010-12-03 14:18:00,2010-12-03 14:18:00,19,True
536977,2,2,1,14,14,28,14,14,2010-12-03 14:18:00,2010-12-03 14:18:00,14,True
536980,2,2,1,12,12,24,12,12,2010-12-03 14:26:00,2010-12-03 14:26:00,12,True
536981,2,2,1,22,22,44,21,21,2010-12-03 14:26:00,2010-12-03 14:26:00,22,True
536982,2,2,1,145,145,290,145,145,2010-12-03 14:27:00,2010-12-03 14:27:00,145,True
536983,2,2,1,8,8,16,8,8,2010-12-03 14:30:00,2010-12-03 14:30:00,8,True
536984,2,2,1,29,29,58,29,29,2010-12-03 14:35:00,2010-12-03 14:35:00,29,True
536985,2,2,1,11,11,22,11,11,2010-12-03 14:40:00,2010-12-03 14:40:00,11,True
536986,2,2,1,7,7,14,7,7,2010-12-03 14:40:00,2010-12-03 14:40:00,7,True
536987,2,2,1,53,53,106,52,52,2010-12-03 14:54:00,2010-12-03 14:54:00,53,True
536988,2,2,1,38,38,76,38,38,2010-12-03 15:05:00,2010-12-03 15:05:00,38,True
536989,2,2,1,22,22,44,22,22,2010-12-03 15:10:00,2010-12-03 15:10:00,22,True
536990,2,2,1,6,6,12,6,6,2010-12-03 15:14:00,2010-12-03 15:14:00,6,True
536991,2,2,1,8,8,16,8,8,2010-12-03 15:16:00,2010-12-03 15:16:00,8,True
536992,2,2,1,1,1,2,1,1,2010-12-03 15:16:00,2010-12-03 15:16:00,1,True
536993,2,2,1,34,34,68,34,34,2010-12-03 15:19:00,2010-12-03 15:19:00,34,True
536994,2,2,1,3,3,6,3,3,2010-12-03 15:25:00,2010-12-03 15:25:00,3,True
537022,2,2,1,23,23,46,23,23,2010-12-03 15:45:00,2010-12-03 15:45:00,23,True
537023,2,2,1,25,25,50,25,25,2010-12-03 16:02:00,2010-12-03 16:02:00,25,True
537025,2,2,1,15,15,30,15,15,2010-12-03 16:21:00,2010-12-03 16:21:00,15,True
537026,2,2,1,11,11,22,11,11,2010-12-03 16:35:00,2010-12-03 16:35:00,11,True
537030,2,2,1,13,13,26,13,13,2010-12-03 16:44:00,2010-12-03 16:44:00,13,True
537031,2,2,1,6,6,12,6,6,2010-12-03 16:45:00,2010-12-03 16:45:00,6,True
537034,2,2,1,73,73,146,73,73,2010-12-03 17:20:00,2010-12-03 17:20:00,73,True
537035,2,2,1,1,1,2,1,1,2010-12-03 17:21:00,2010-12-03 17:21:00,1,True
537036,2,2,1,31,31,62,31,31,2010-12-03 17:28:00,2010-12-03 17:28:00,31,True
537037,2,2,1,11,11,22,11,11,2010-12-05 10:03:00,2010-12-05 10:03:00,11,True
537038,2,2,1,7,7,14,7,7,2010-12-05 10:12:00,2010-12-05 10:12:00,7,True
537040,2,2,1,2,2,4,2,2,2010-12-05 10:27:00,2010-12-05 10:27:00,2,True
537041,2,2,1,26,26,52,26,26,2010-12-05 10:36:00,2010-12-05 10:36:00,26,True
537042,2,2,1,49,49,98,48,48,2010-12-05 10:45:00,2010-12-05 10:45:00,49,True
537044,2,2,1,19,19,38,19,19,2010-12-05 10:52:00,2010-12-05 10:52:00,19,True
537045,2,2,1,32,32,64,30,30,2010-12-05 10:54:00,2010-12-05 10:54:00,32,True
537046,2,2,1,14,14,28,14,14,2010-12-05 10:58:00,2010-12-05 10:58:00,14,True
537047,2,2,1,41,41,82,41,41,2010-12-05 11:02:00,2010-12-05 11:02:00,41,True
537048,2,2,1,2,2,4,2,2,2010-12-05 11:03:00,2010-12-05 11:03:00,2,True
537049,2,2,1,14,14,28,14,14,2010-12-05 11:04:00,2010-12-05 11:04:00,14,True
537050,2,2,1,51,51,102,51,51,2010-12-05 11:10:00,2010-12-05 11:10:00,51,True
537051,2,2,1,37,37,74,31,31,2010-12-05 11:12:00,2010-12-05 11:12:00,37,True
537052,2,2,1,5,5,10,5,5,2010-12-05 11:15:00,2010-12-05 11:15:00,5,True
537053,2,2,1,3,3,6,3,3,2010-12-05 11:38:00,2010-12-05 11:38:00,3,True
537054,2,2,1,41,41,82,40,40,2010-12-05 11:40:00,2010-12-05 11:40:00,41,True
537055,2,2,1,15,15,30,15,15,2010-12-05 11:45:00,2010-12-05 11:45:00,15,True
537057,2,2,1,51,51,102,49,49,2010-12-05 11:49:00,2010-12-05 11:49:00,51,True
537058,2,2,1,12,12,24,12,12,2010-12-05 11:51:00,2010-12-05 11:51:00,12,True
537059,2,2,1,23,23,46,20,20,2010-12-05 11:54:00,2010-12-05 11:54:00,23,True
537065,2,2,1,62,62,124,62,62,2010-12-05 11:57:00,2010-12-05 11:57:00,62,True
537067,2,2,1,6,6,12,6,6,2010-12-05 11:57:00,2010-12-05 11:57:00,6,True
537077,2,2,1,25,25,50,25,25,2010-12-05 11:59:00,2010-12-05 11:59:00,25,True
537081,2,2,1,25,25,50,25,25,2010-12-05 12:00:00,2010-12-05 12:00:00,25,True
537086,2,2,1,8,8,16,8,8,2010-12-05 12:01:00,2010-12-05 12:01:00,8,True
537090,2,2,1,1,1,2,1,1,2010-12-05 12:02:00,2010-12-05 12:02:00,1,True
537111,2,2,1,22,22,44,22,22,2010-12-05 12:08:00,2010-12-05 12:08:00,22,True
537117,2,2,1,1,1,2,1,1,2010-12-05 12:09:00,2010-12-05 12:09:00,1,True
537126,2,2,1,117,117,234,116,116,2010-12-05 12:13:00,2010-12-05 12:13:00,117,True
537127,2,2,1,2,2,4,2,2,2010-12-05 12:13:00,2010-12-05 12:13:00,2,True
537128,2,2,1,23,23,46,23,23,2010-12-05 12:15:00,2010-12-05 12:15:00,23,True
537129,2,2,1,17,17,34,17,17,2010-12-05 12:15:00,2010-12-05 12:15:00,17,True
537130,2,2,1,19,19,38,19,19,2010-12-05 12:23:00,2010-12-05 12:23:00,19,True
537131,2,2,1,37,37,74,35,35,2010-12-05 12:26:00,2010-12-05 12:26:00,37,True
537133,2,2,1,50,50,100,50,50,2010-12-05 12:29:00,2010-12-05 12:29:00,50,True
537134,2,2,1,9,9,18,9,9,2010-12-05 12:34:00,2010-12-05 12:34:00,9,True
537135,2,2,1,117,117,234,115,115,2010-12-05 12:35:00,2010-12-05 12:35:00,117,True
537136,2,2,1,34,34,68,34,34,2010-12-05 12:42:00,2010-12-05 12:42:00,34,True
537137,2,2,1,65,65,130,65,65,2010-12-05 12:43:00,2010-12-05 12:43:00,65,True
537138,2,2,1,33,33,66,33,33,2010-12-05 12:44:00,2010-12-05 12:44:00,33,True
537139,2,2,1,3,3,6,3,3,2010-12-05 12:47:00,2010-12-05 12:47:00,3,True
537140,2,2,1,34,34,68,32,32,2010-12-05 12:53:00,2010-12-05 12:53:00,34,True
537141,2,2,1,44,44,88,37,37,2010-12-05 12:57:00,2010-12-05 12:57:00,44,True
537142,2,2,1,15,15,30,15,15,2010-12-05 12:57:00,2010-12-05 12:57:00,15,True
537144,2,2,1,96,96,192,95,95,2010-12-05 13:00:00,2010-12-05 13:00:00,96,True
537153,2,2,1,44,44,88,41,41,2010-12-05 13:03:00,2010-12-05 13:03:00,44,True
537154,2,2,1,55,55,110,54,54,2010-12-05 13:05:00,2010-12-05 13:05:00,55,True
537155,2,2,1,30,30,60,30,30,2010-12-05 13:05:00,2010-12-05 13:05:00,30,True
537156,2,2,1,17,17,34,17,17,2010-12-05 13:08:00,2010-12-05 13:08:00,17,True
537158,2,2,1,10,10,20,10,10,2010-12-05 13:10:00,2010-12-05 13:10:00,10,True
537159,2,2,1,28,28,56,28,28,2010-12-05 13:17:00,2010-12-05 13:17:00,28,True
537160,2,2,1,26,26,52,26,26,2010-12-05 13:18:00,2010-12-05 13:18:00,26,True
537163,2,2,1,21,21,42,21,21,2010-12-05 13:21:00,2010-12-05 13:21:00,21,True
537176,2,2,1,20,20,40,19,19,2010-12-05 13:26:00,2010-12-05 13:26:00,20,True
537179,2,2,1,13,13,26,13,13,2010-12-05 13:29:00,2010-12-05 13:29:00,13,True
537192,2,2,1,54,54,108,53,53,2010-12-05 13:42:00,2010-12-05 13:42:00,54,True
537193,2,2,1,34,34,68,32,32,2010-12-05 13:49:00,2010-12-05 13:49:00,34,True
537194,2,2,1,1,1,2,1,1,2010-12-05 13:53:00,2010-12-05 13:53:00,1,True
537195,2,2,1,32,32,64,32,32,2010-12-05 13:55:00,2010-12-05 13:55:00,32,True
537196,2,2,1,76,76,152,74,74,2010-12-05 13:55:00,2010-12-05 13:55:00,76,True
537197,2,2,1,15,15,30,15,15,2010-12-05 14:02:00,2010-12-05 14:02:00,15,True
537198,2,2,1,1,1,2,1,1,2010-12-05 14:03:00,2010-12-05 14:03:00,1,True
537199,2,2,1,33,33,66,31,31,2010-12-05 14:06:00,2010-12-05 14:06:00,33,True
537200,2,2,1,28,28,56,28,28,2010-12-05 14:17:00,2010-12-05 14:17:00,28,True
537201,2,2,1,69,69,138,69,69,2010-12-05 14:19:00,2010-12-05 14:19:00,69,True
537202,2,2,1,45,45,90,43,43,2010-12-05 14:25:00,2010-12-05 14:25:00,45,True
537204,2,2,1,32,32,64,32,32,2010-12-05 14:45:00,2010-12-05 14:45:00,32,True
537205,2,2,1,11,11,22,11,11,2010-12-05 14:52:00,2010-12-05 14:52:00,11,True
537206,2,2,1,4,4,8,4,4,2010-12-05 15:02:00,2010-12-05 15:02:00,4,True
537207,2,2,1,23,23,46,23,23,2010-12-05 15:06:00,2010-12-05 15:06:00,23,True
537208,2,2,1,58,58,116,56,56,2010-12-05 15:12:00,2010-12-05 15:12:00,58,True
537209,2,2,1,42,42,84,41,41,2010-12-05 15:12:00,2010-12-05 15:12:00,42,True
537210,2,2,1,15,15,30,15,15,2010-12-05 15:15:00,2010-12-05 15:15:00,15,True
537211,2,2,1,16,16,32,16,16,2010-12-05 15:18:00,2010-12-05 15:18:00,16,True
537212,2,2,1,29,29,58,29,29,2010-12-05 15:21:00,2010-12-05 15:21:00,29,True
537213,2,2,1,6,6,12,6,6,2010-12-05 15:26:00,2010-12-05 15:26:00,6,True
537214,2,2,1,13,13,26,13,13,2010-12-05 15:35:00,2010-12-05 15:35:00,13,True
537215,2,2,1,7,7,14,7,7,2010-12-05 15:38:00,2010-12-05 15:38:00,7,True
537216,2,2,1,18,18,36,18,18,2010-12-05 15:40:00,2010-12-05 15:40:00,18,True
537217,2,2,1,4,4,8,4,4,2010-12-05 15:40:00,2010-12-05 15:40:00,4,True
537218,2,2,1,16,16,32,16,16,2010-12-05 15:46:00,2010-12-05 15:46:00,16,True
537219,2,2,1,69,69,138,67,67,2010-12-05 15:47:00,2010-12-05 15:47:00,69,True
537220,2,2,1,1,1,2,1,1,2010-12-05 15:49:00,2010-12-05 15:49:00,1,True
537221,2,2,1,7,7,14,7,7,2010-12-05 15:54:00,2010-12-05 15:54:00,7,True
537222,2,2,1,25,25,50,25,25,2010-12-05 16:00:00,2010-12-05 16:00:00,25,True
537223,2,2,1,9,9,18,9,9,2010-12-05 16:10:00,2010-12-05 16:10:00,9,True
537224,2,2,1,152,152,304,122,122,2010-12-05 16:24:00,2010-12-05 16:24:00,152,True
537225,2,2,1,62,62,124,59,59,2010-12-05 16:41:00,2010-12-05 16:41:00,62,True
537226,2,2,1,9,9,18,9,9,2010-12-06 08:34:00,2010-12-06 08:34:00,9,True
537227,2,2,1,20,20,40,20,20,2010-12-06 08:42:00,2010-12-06 08:42:00,20,True
537228,2,2,1,1,1,2,1,1,2010-12-06 08:43:00,2010-12-06 08:43:00,1,True
537229,2,2,1,1,1,2,1,1,2010-12-06 08:44:00,2010-12-06 08:44:00,1,True
537230,2,2,1,1,1,2,1,1,2010-12-06 09:20:00,2010-12-06 09:20:00,1,True
537231,2,2,1,18,18,36,18,18,2010-12-06 09:21:00,2010-12-06 09:21:00,18,True
537233,2,2,1,9,9,18,9,9,2010-12-06 09:37:00,2010-12-06 09:37:00,9,True
537235,2,2,1,5,5,10,5,5,2010-12-06 09:45:00,2010-12-06 09:45:00,5,True
537236,2,2,1,10,10,20,9,9,2010-12-06 09:52:00,2010-12-06 09:52:00,10,True
537237,2,2,1,596,596,1192,594,594,2010-12-06 09:58:00,2010-12-06 09:58:00,596,True
537238,2,2,1,15,15,30,15,15,2010-12-06 10:03:00,2010-12-06 10:03:00,15,True
537239,2,2,1,13,13,26,13,13,2010-12-06 10:05:00,2010-12-06 10:05:00,13,True
537240,2,2,1,567,567,1134,567,567,2010-12-06 10:08:00,2010-12-06 10:08:00,567,True
537241,2,2,1,15,15,30,15,15,2010-12-06 10:18:00,2010-12-06 10:18:00,15,True
537242,2,2,1,29,29,58,29,29,2010-12-06 10:19:00,2010-12-06 10:19:00,29,True
537243,2,2,1,2,2,4,2,2,2010-12-06 10:19:00,2010-12-06 10:19:00,2,True
537244,2,2,1,11,11,22,11,11,2010-12-06 10:20:00,2010-12-06 10:20:00,11,True
537245,2,2,1,3,3,6,3,3,2010-12-06 10:24:00,2010-12-06 10:24:00,3,True
537246,2,2,1,6,6,12,6,6,2010-12-06 10:27:00,2010-12-06 10:27:00,6,True
537247,2,2,1,3,3,6,3,3,2010-12-06 10:34:00,2010-12-06 10:34:00,3,True
537248,2,2,1,4,4,8,4,4,2010-12-06 10:36:00,2010-12-06 10:36:00,4,True
537249,2,2,1,1,1,2,1,1,2010-12-06 10:38:00,2010-12-06 10:38:00,1,True
537250,2,2,1,13,13,26,13,13,2010-12-06 10:43:00,2010-12-06 10:43:00,13,True
537252,2,2,1,1,1,2,1,1,2010-12-06 10:46:00,2010-12-06 10:46:00,1,True
537253,2,2,1,24,24,48,23,23,2010-12-06 10:53:00,2010-12-06 10:53:00,24,True
537254,2,2,1,57,57,114,55,55,2010-12-06 11:01:00,2010-12-06 11:01:00,57,True
537255,2,2,1,20,20,40,20,20,2010-12-06 11:03:00,2010-12-06 11:03:00,20,True
537256,2,2,1,11,11,22,11,11,2010-12-06 11:06:00,2010-12-06 11:06:00,11,True
537257,2,2,1,9,9,18,9,9,2010-12-06 11:10:00,2010-12-06 11:10:00,9,True
537258,2,2,1,10,10,20,10,10,2010-12-06 11:16:00,2010-12-06 11:16:00,10,True
537262,2,2,1,54,54,108,54,54,2010-12-06 11:26:00,2010-12-06 11:26:00,54,True
537265,2,2,1,39,39,78,38,38,2010-12-06 11:26:00,2010-12-06 11:26:00,39,True
537298,2,2,1,9,9,18,9,9,2010-12-06 11:37:00,2010-12-06 11:37:00,9,True
537301,2,2,1,15,15,30,14,14,2010-12-06 11:38:00,2010-12-06 11:38:00,15,True
537312,2,2,1,9,9,18,9,9,2010-12-06 11:42:00,2010-12-06 11:42:00,9,True
537313,2,2,1,5,5,10,5,5,2010-12-06 11:42:00,2010-12-06 11:42:00,5,True
537332,2,2,1,12,12,24,12,12,2010-12-06 11:58:00,2010-12-06 11:58:00,12,True
537334,2,2,1,44,44,88,44,44,2010-12-06 12:06:00,2010-12-06 12:06:00,44,True
537335,2,2,1,23,23,46,23,23,2010-12-06 12:15:00,2010-12-06 12:15:00,23,True
537346,2,2,1,34,34,68,34,34,2010-12-06 12:21:00,2010-12-06 12:21:00,34,True
537350,2,2,1,12,12,24,12,12,2010-12-06 12:23:00,2010-12-06 12:23:00,12,True
537351,2,2,1,29,29,58,29,29,2010-12-06 12:23:00,2010-12-06 12:23:00,29,True
537354,2,2,1,38,38,76,38,38,2010-12-06 12:23:00,2010-12-06 12:23:00,38,True
537359,2,2,1,10,10,20,10,10,2010-12-06 12:30:00,2010-12-06 12:30:00,10,True
537360,2,2,1,1,1,2,1,1,2010-12-06 12:31:00,2010-12-06 12:31:00,1,True
537362,2,2,1,59,59,118,56,56,2010-12-06 12:34:00,2010-12-06 12:34:00,59,True
537365,2,2,1,21,21,42,21,21,2010-12-06 12:38:00,2010-12-06 12:38:00,21,True
537366,2,2,1,12,12,24,12,12,2010-12-06 12:39:00,2010-12-06 12:39:00,12,True
537367,2,2,1,1,1,2,1,1,2010-12-06 12:39:00,2010-12-06 12:39:00,1,True
537368,2,2,1,14,14,28,14,14,2010-12-06 12:40:00,2010-12-06 12:40:00,14,True
537369,2,2,1,52,52,104,49,49,2010-12-06 12:41:00,2010-12-06 12:41:00,52,True
537370,2,2,1,52,52,104,51,51,2010-12-06 12:44:00,2010-12-06 12:44:00,52,True
537371,2,2,1,14,14,28,14,14,2010-12-06 12:47:00,2010-12-06 12:47:00,14,True
537372,2,2,1,22,22,44,22,22,2010-12-06 12:52:00,2010-12-06 12:52:00,22,True
537374,2,2,1,82,82,164,74,74,2010-12-06 12:55:00,2010-12-06 12:55:00,82,True
537375,2,2,1,49,49,98,48,48,2010-12-06 12:55:00,2010-12-06 12:55:00,49,True
537376,2,2,1,16,16,32,16,16,2010-12-06 12:59:00,2010-12-06 12:59:00,16,True
537377,2,2,1,13,13,26,13,13,2010-12-06 13:01:00,2010-12-06 13:01:00,13,True
537378,2,2,1,19,19,38,19,19,2010-12-06 13:06:00,2010-12-06 13:06:00,19,True
537380,2,2,1,2,2,4,2,2,2010-12-06 13:12:00,2010-12-06 13:12:00,2,True
537381,2,2,1,24,24,48,24,24,2010-12-06 13:13:00,2010-12-06 13:13:00,24,True
537382,2,2,1,54,54,108,53,53,2010-12-06 13:13:00,2010-12-06 13:13:00,54,True
537384,2,2,1,5,5,10,5,5,2010-12-06 13:21:00,2010-12-06 13:21:00,5,True
537385,2,2,1,13,13,26,13,13,2010-12-06 13:22:00,2010-12-06 13:22:00,13,True
537386,2,2,1,1,1,2,1,1,2010-12-06 13:32:00,2010-12-06 13:32:00,1,True
537387,2,2,1,14,14,28,14,14,2010-12-06 13:34:00,2010-12-06 13:34:00,14,True
537388,2,2,1,18,18,36,18,18,2010-12-06 13:35:00,2010-12-06 13:35:00,18,True
537389,2,2,1,19,19,38,19,19,2010-12-06 13:41:00,2010-12-06 13:41:00,19,True
537390,2,2,1,8,8,16,8,8,2010-12-06 13:47:00,2010-12-06 13:47:00,8,True
537391,2,2,1,48,48,96,48,48,2010-12-06 13:53:00,2010-12-06 13:53:00,48,True
537392,2,2,1,23,23,46,23,23,2010-12-06 13:58:00,2010-12-06 13:58:00,23,True
537393,2,2,1,34,34,68,34,34,2010-12-06 13:59:00,2010-12-06 13:59:00,34,True
537394,2,2,1,5,5,10,5,5,2010-12-06 14:00:00,2010-12-06 14:00:00,5,True
537395,2,2,1,49,49,98,49,49,2010-12-06 14:05:00,2010-12-06 14:05:00,49,True
537396,2,2,1,29,29,58,28,28,2010-12-06 14:08:00,2010-12-06 14:08:00,29,True
537397,2,2,1,10,10,20,10,10,2010-12-06 14:19:00,2010-12-06 14:19:00,10,True
537399,2,2,1,57,57,114,50,50,2010-12-06 14:31:00,2010-12-06 14:31:00,57,True
537400,2,2,1,50,50,100,49,49,2010-12-06 14:36:00,2010-12-06 14:36:00,50,True
537403,2,2,1,11,11,22,11,11,2010-12-06 14:43:00,2010-12-06 14:43:00,11,True
537404,2,2,1,11,11,22,11,11,2010-12-06 14:46:00,2010-12-06 14:46:00,11,True
537405,2,2,1,46,46,92,45,45,2010-12-06 14:51:00,2010-12-06 14:51:00,46,True
537407,2,2,1,6,6,12,6,6,2010-12-06 14:55:00,2010-12-06 14:55:00,6,True
537409,2,2,1,16,16,32,16,16,2010-12-06 15:00:00,2010-12-06 15:00:00,16,True
537410,2,2,1,1,1,2,1,1,2010-12-06 15:03:00,2010-12-06 15:03:00,1,True
537411,2,2,1,3,3,6,3,3,2010-12-06 15:06:00,2010-12-06 15:06:00,3,True
537412,2,2,1,1,1,2,1,1,2010-12-06 15:06:00,2010-12-06 15:06:00,1,True
537415,2,2,1,9,9,18,9,9,2010-12-06 15:09:00,2010-12-06 15:09:00,9,True
537418,2,2,1,35,35,70,33,33,2010-12-06 15:13:00,2010-12-06 15:13:00,35,True
537419,2,2,1,14,14,28,14,14,2010-12-06 15:14:00,2010-12-06 15:14:00,14,True
537420,2,2,1,18,18,36,18,18,2010-12-06 15:18:00,2010-12-06 15:18:00,18,True
537421,2,2,1,49,49,98,48,48,2010-12-06 15:25:00,2010-12-06 15:25:00,49,True
537422,2,2,1,29,29,58,27,27,2010-12-06 15:27:00,2010-12-06 15:27:00,29,True
537423,2,2,1,6,6,12,6,6,2010-12-06 15:34:00,2010-12-06 15:34:00,6,True
537424,2,2,1,3,3,6,3,3,2010-12-06 15:35:00,2010-12-06 15:35:00,3,True
537428,2,2,1,22,22,44,22,22,2010-12-06 15:38:00,2010-12-06 15:38:00,22,True
537429,2,2,1,21,21,42,20,20,2010-12-06 15:54:00,2010-12-06 15:54:00,21,True
537433,2,2,1,4,4,8,4,4,2010-12-06 16:36:00,2010-12-06 16:36:00,4,True
537434,2,2,1,674,674,1348,673,673,2010-12-06 16:57:00,2010-12-06 16:57:00,674,True
537435,2,2,1,13,13,26,13,13,2010-12-06 16:58:00,2010-12-06 16:58:00,13,True
537440,2,2,1,16,16,32,16,16,2010-12-06 17:16:00,2010-12-06 17:16:00,16,True
537441,2,2,1,40,40,80,40,40,2010-12-06 17:26:00,2010-12-06 17:26:00,40,True
537442,2,2,1,2,2,4,2,2,2010-12-06 17:29:00,2010-12-06 17:29:00,2,True
537446,2,2,1,28,28,56,28,28,2010-12-07 09:13:00,2010-12-07 09:13:00,28,True
537447,2,2,1,7,7,14,7,7,2010-12-07 09:21:00,2010-12-07 09:21:00,7,True
537448,2,2,1,1,1,2,1,1,2010-12-07 09:23:00,2010-12-07 09:23:00,1,True
537456,2,2,1,2,2,4,2,2,2010-12-07 09:43:00,2010-12-07 09:43:00,2,True
537457,2,2,1,19,19,38,19,19,2010-12-07 09:51:00,2010-12-07 09:51:00,19,True
537458,2,2,1,13,13,26,13,13,2010-12-07 09:55:00,2010-12-07 09:55:00,13,True
537459,2,2,1,11,11,22,11,11,2010-12-07 09:57:00,2010-12-07 09:57:00,11,True
537460,2,2,1,1,1,2,1,1,2010-12-07 10:04:00,2010-12-07 10:04:00,1,True
537461,2,2,1,1,1,2,1,1,2010-12-07 10:06:00,2010-12-07 10:06:00,1,True
537462,2,2,1,12,12,24,12,12,2010-12-07 10:06:00,2010-12-07 10:06:00,12,True
537463,2,2,1,40,40,80,40,40,2010-12-07 10:08:00,2010-12-07 10:08:00,40,True
537464,2,2,1,28,28,56,28,28,2010-12-07 10:14:00,2010-12-07 10:14:00,28,True
537465,2,2,1,22,22,44,22,22,2010-12-07 10:32:00,2010-12-07 10:32:00,22,True
537467,2,2,1,18,18,36,18,18,2010-12-07 10:36:00,2010-12-07 10:36:00,18,True
537468,2,2,1,19,19,38,19,19,2010-12-07 10:36:00,2010-12-07 10:36:00,19,True
537469,2,2,1,1,1,2,1,1,2010-12-07 10:43:00,2010-12-07 10:43:00,1,True
537470,2,2,1,5,5,10,5,5,2010-12-07 10:47:00,2010-12-07 10:47:00,5,True
537471,2,2,1,1,1,2,1,1,2010-12-07 10:51:00,2010-12-07 10:51:00,1,True
537472,2,2,1,6,6,12,6,6,2010-12-07 11:11:00,2010-12-07 11:11:00,6,True
537476,2,2,1,3,3,6,3,3,2010-12-07 11:26:00,2010-12-07 11:26:00,3,True
537484,2,2,1,28,28,56,28,28,2010-12-07 11:30:00,2010-12-07 11:30:00,28,True
537489,2,2,1,21,21,42,21,21,2010-12-07 11:33:00,2010-12-07 11:33:00,21,True
537509,2,2,1,2,2,4,2,2,2010-12-07 11:41:00,2010-12-07 11:41:00,2,True
537523,2,2,1,9,9,18,9,9,2010-12-07 11:45:00,2010-12-07 11:45:00,9,True
537538,2,2,1,12,12,24,12,12,2010-12-07 11:49:00,2010-12-07 11:49:00,12,True
537567,2,2,1,29,29,58,29,29,2010-12-07 11:59:00,2010-12-07 11:59:00,29,True
537592,2,2,1,5,5,10,5,5,2010-12-07 12:18:00,2010-12-07 12:18:00,5,True
537593,2,2,1,13,13,26,13,13,2010-12-07 12:21:00,2010-12-07 12:21:00,13,True
537594,2,2,1,16,16,32,16,16,2010-12-07 12:28:00,2010-12-07 12:28:00,16,True
537595,2,2,1,23,23,46,23,23,2010-12-07 12:29:00,2010-12-07 12:29:00,23,True
537598,2,2,1,14,14,28,14,14,2010-12-07 12:37:00,2010-12-07 12:37:00,14,True
537599,2,2,1,1,1,2,1,1,2010-12-07 12:37:00,2010-12-07 12:37:00,1,True
537601,2,2,1,9,9,18,9,9,2010-12-07 12:43:00,2010-12-07 12:43:00,9,True
537603,2,2,1,15,15,30,15,15,2010-12-07 12:49:00,2010-12-07 12:49:00,15,True
537604,2,2,1,45,45,90,45,45,2010-12-07 13:01:00,2010-12-07 13:01:00,45,True
537605,2,2,1,12,12,24,12,12,2010-12-07 13:13:00,2010-12-07 13:13:00,12,True
537606,2,2,1,31,31,62,30,30,2010-12-07 13:16:00,2010-12-07 13:16:00,31,True
537607,2,2,1,16,16,32,16,16,2010-12-07 13:18:00,2010-12-07 13:18:00,16,True
537608,2,2,1,47,47,94,46,46,2010-12-07 13:20:00,2010-12-07 13:20:00,47,True
537609,2,2,1,12,12,24,12,12,2010-12-07 13:22:00,2010-12-07 13:22:00,12,True
537612,2,2,1,10,10,20,10,10,2010-12-07 13:28:00,2010-12-07 13:28:00,10,True
537614,2,2,1,30,30,60,30,30,2010-12-07 13:29:00,2010-12-07 13:29:00,30,True
537615,2,2,1,5,5,10,5,5,2010-12-07 13:30:00,2010-12-07 13:30:00,5,True
537616,2,2,1,1,1,2,1,1,2010-12-07 13:30:00,2010-12-07 13:30:00,1,True
537617,2,2,1,8,8,16,8,8,2010-12-07 13:45:00,2010-12-07 13:45:00,8,True
537618,2,2,1,16,16,32,16,16,2010-12-07 13:50:00,2010-12-07 13:50:00,16,True
537619,2,2,1,7,7,14,7,7,2010-12-07 13:53:00,2010-12-07 13:53:00,7,True
537620,2,2,1,6,6,12,6,6,2010-12-07 14:00:00,2010-12-07 14:00:00,6,True
537621,2,2,1,4,4,8,4,4,2010-12-07 14:29:00,2010-12-07 14:29:00,4,True
537622,2,2,1,23,23,46,23,23,2010-12-07 14:30:00,2010-12-07 14:30:00,23,True
537623,2,2,1,44,44,88,44,44,2010-12-07 14:31:00,2010-12-07 14:31:00,44,True
537624,2,2,1,57,57,114,53,53,2010-12-07 14:41:00,2010-12-07 14:41:00,57,True
537625,2,2,1,6,6,12,6,6,2010-12-07 14:57:00,2010-12-07 14:57:00,6,True
537626,2,2,1,31,31,62,31,31,2010-12-07 14:57:00,2010-12-07 14:57:00,31,True
537627,2,2,1,12,12,24,12,12,2010-12-07 14:58:00,2010-12-07 14:58:00,12,True
537628,2,2,1,16,16,32,16,16,2010-12-07 15:02:00,2010-12-07 15:02:00,16,True
537629,2,2,1,18,18,36,18,18,2010-12-07 15:03:00,2010-12-07 15:03:00,18,True
537631,2,2,1,1,1,2,1,1,2010-12-07 15:04:00,2010-12-07 15:04:00,1,True
537633,2,2,1,5,5,10,5,5,2010-12-07 15:14:00,2010-12-07 15:14:00,5,True
537634,2,2,1,18,18,36,18,18,2010-12-07 15:15:00,2010-12-07 15:15:00,18,True
537635,2,2,1,2,2,4,2,2,2010-12-07 15:18:00,2010-12-07 15:18:00,2,True
537636,2,2,1,3,3,6,3,3,2010-12-07 15:20:00,2010-12-07 15:20:00,3,True
537637,2,2,1,4,4,8,4,4,2010-12-07 15:22:00,2010-12-07 15:22:00,4,True
537638,2,2,1,600,600,1200,600,600,2010-12-07 15:28:00,2010-12-07 15:28:00,600,True
537640,2,2,1,148,148,296,148,148,2010-12-07 15:31:00,2010-12-07 15:31:00,148,True
537641,2,2,1,78,78,156,78,78,2010-12-07 15:32:00,2010-12-07 15:32:00,78,True
537642,2,2,1,121,121,242,121,121,2010-12-07 15:33:00,2010-12-07 15:33:00,121,True
537643,2,2,1,122,122,244,122,122,2010-12-07 15:34:00,2010-12-07 15:34:00,122,True
537645,2,2,1,106,106,212,106,106,2010-12-07 15:34:00,2010-12-07 15:34:00,106,True
537646,2,2,1,71,71,142,67,67,2010-12-07 15:39:00,2010-12-07 15:39:00,71,True
537648,2,2,1,22,22,44,22,22,2010-12-07 15:48:00,2010-12-07 15:48:00,22,True
537649,2,2,1,7,7,14,7,7,2010-12-07 15:48:00,2010-12-07 15:48:00,7,True
537650,2,2,1,13,13,26,13,13,2010-12-07 15:48:00,2010-12-07 15:48:00,13,True
537653,2,2,1,34,34,68,34,34,2010-12-07 15:54:00,2010-12-07 15:54:00,34,True
537654,2,2,1,21,21,42,21,21,2010-12-07 15:59:00,2010-12-07 15:59:00,21,True
537655,2,2,1,8,8,16,8,8,2010-12-07 16:20:00,2010-12-07 16:20:00,8,True
537657,2,2,1,5,5,10,5,5,2010-12-07 16:42:00,2010-12-07 16:42:00,5,True
537658,2,2,1,3,3,6,3,3,2010-12-07 16:43:00,2010-12-07 16:43:00,3,True
537659,2,2,1,9,9,18,9,9,2010-12-07 16:43:00,2010-12-07 16:43:00,9,True
537664,2,2,1,1,1,2,1,1,2010-12-07 17:05:00,2010-12-07 17:05:00,1,True
537665,2,2,1,6,6,12,6,6,2010-12-07 17:19:00,2010-12-07 17:19:00,6,True
537666,2,2,1,535,535,1070,535,535,2010-12-07 18:36:00,2010-12-07 18:36:00,535,True
537667,2,2,1,1,1,2,1,1,2010-12-08 08:12:00,2010-12-08 08:12:00,1,True
537668,2,2,1,2,2,4,2,2,2010-12-08 08:43:00,2010-12-08 08:43:00,2,True
537669,2,2,1,9,9,18,9,9,2010-12-08 08:58:00,2010-12-08 08:58:00,9,True
537670,2,2,1,10,10,20,10,10,2010-12-08 09:07:00,2010-12-08 09:07:00,10,True
537671,2,2,1,15,15,30,15,15,2010-12-08 09:20:00,2010-12-08 09:20:00,15,True
537672,2,2,1,18,18,36,18,18,2010-12-08 09:30:00,2010-12-08 09:30:00,18,True
537673,2,2,1,6,6,12,6,6,2010-12-08 09:49:00,2010-12-08 09:49:00,6,True
537674,2,2,1,19,19,38,19,19,2010-12-08 09:51:00,2010-12-08 09:51:00,19,True
537675,2,2,1,1,1,2,1,1,2010-12-08 09:53:00,2010-12-08 09:53:00,1,True
537676,2,2,1,8,8,16,8,8,2010-12-08 09:53:00,2010-12-08 09:53:00,8,True
537678,2,2,1,9,9,18,9,9,2010-12-08 09:56:00,2010-12-08 09:56:00,9,True
537679,2,2,1,5,5,10,5,5,2010-12-08 10:05:00,2010-12-08 10:05:00,5,True
537680,2,2,1,13,13,26,13,13,2010-12-08 10:11:00,2010-12-08 10:11:00,13,True
537681,2,2,1,7,7,14,7,7,2010-12-08 10:11:00,2010-12-08 10:11:00,7,True
537682,2,2,1,4,4,8,4,4,2010-12-08 10:13:00,2010-12-08 10:13:00,4,True
537683,2,2,1,20,20,40,20,20,2010-12-08 10:14:00,2010-12-08 10:14:00,20,True
537685,2,2,1,19,19,38,19,19,2010-12-08 10:21:00,2010-12-08 10:21:00,19,True
537686,2,2,1,3,3,6,3,3,2010-12-08 10:21:00,2010-12-08 10:21:00,3,True
537688,2,2,1,19,19,38,19,19,2010-12-08 10:35:00,2010-12-08 10:35:00,19,True
537689,2,2,1,17,17,34,17,17,2010-12-08 10:36:00,2010-12-08 10:36:00,17,True
537690,2,2,1,15,15,30,15,15,2010-12-08 10:38:00,2010-12-08 10:38:00,15,True
537691,2,2,1,20,20,40,20,20,2010-12-08 10:39:00,2010-12-08 10:39:00,20,True
537692,2,2,1,50,50,100,49,49,2010-12-08 10:40:00,2010-12-08 10:40:00,50,True
537693,2,2,1,10,10,20,10,10,2010-12-08 10:45:00,2010-12-08 10:45:00,10,True
537694,2,2,1,14,14,28,14,14,2010-12-08 10:46:00,2010-12-08 10:46:00,14,True
537698,2,2,1,4,4,8,4,4,2010-12-08 10:51:00,2010-12-08 10:51:00,4,True
537700,2,2,1,3,3,6,3,3,2010-12-08 10:51:00,2010-12-08 10:51:00,3,True
537707,2,2,1,14,14,28,14,14,2010-12-08 10:53:00,2010-12-08 10:53:00,14,True
537738,2,2,1,17,17,34,17,17,2010-12-08 11:02:00,2010-12-08 11:02:00,17,True
537743,2,2,1,9,9,18,9,9,2010-12-08 11:02:00,2010-12-08 11:02:00,9,True
537751,2,2,1,2,2,4,2,2,2010-12-08 11:04:00,2010-12-08 11:04:00,2,True
537754,2,2,1,22,22,44,21,21,2010-12-08 11:16:00,2010-12-08 11:16:00,22,True
537755,2,2,1,9,9,18,9,9,2010-12-08 11:31:00,2010-12-08 11:31:00,9,True
537757,2,2,1,8,8,16,8,8,2010-12-08 11:38:00,2010-12-08 11:38:00,8,True
537758,2,2,1,10,10,20,10,10,2010-12-08 11:41:00,2010-12-08 11:41:00,10,True
537759,2,2,1,12,12,24,12,12,2010-12-08 11:42:00,2010-12-08 11:42:00,12,True
537760,2,2,1,4,4,8,4,4,2010-12-08 11:42:00,2010-12-08 11:42:00,4,True
537761,2,2,1,1,1,2,1,1,2010-12-08 11:43:00,2010-12-08 11:43:00,1,True
537762,2,2,1,27,27,54,27,27,2010-12-08 12:01:00,2010-12-08 12:01:00,27,True
537764,2,2,1,45,45,90,44,44,2010-12-08 12:06:00,2010-12-08 12:06:00,45,True
537765,2,2,1,38,38,76,38,38,2010-12-08 12:08:00,2010-12-08 12:08:00,38,True
537766,2,2,1,4,4,8,4,4,2010-12-08 12:08:00,2010-12-08 12:08:00,4,True
537767,2,2,1,1,1,2,1,1,2010-12-08 12:09:00,2010-12-08 12:09:00,1,True
537768,2,2,1,2,2,4,2,2,2010-12-08 12:11:00,2010-12-08 12:11:00,2,True
537769,2,2,1,49,49,98,45,45,2010-12-08 12:17:00,2010-12-08 12:17:00,49,True
537770,2,2,1,15,15,30,15,15,2010-12-08 12:24:00,2010-12-08 12:24:00,15,True
537771,2,2,1,9,9,18,9,9,2010-12-08 12:29:00,2010-12-08 12:29:00,9,True
537772,2,2,1,62,62,124,59,59,2010-12-08 12:35:00,2010-12-08 12:35:00,62,True
537773,2,2,1,66,66,132,59,59,2010-12-08 12:36:00,2010-12-08 12:36:00,66,True
537774,2,2,1,4,4,8,4,4,2010-12-08 12:40:00,2010-12-08 12:40:00,4,True
537775,2,2,1,45,45,90,45,45,2010-12-08 12:41:00,2010-12-08 12:41:00,45,True
537780,2,2,1,6,6,12,6,6,2010-12-08 12:45:00,2010-12-08 12:45:00,6,True
537781,2,2,1,136,136,272,127,127,2010-12-08 12:46:00,2010-12-08 12:46:00,136,True
537789,2,2,1,14,14,28,14,14,2010-12-08 12:49:00,2010-12-08 12:49:00,14,True
537791,2,2,1,2,2,4,2,2,2010-12-08 12:51:00,2010-12-08 12:51:00,2,True
537792,2,2,1,19,19,38,19,19,2010-12-08 12:56:00,2010-12-08 12:56:00,19,True
537793,2,2,1,29,29,58,27,27,2010-12-08 12:57:00,2010-12-08 12:57:00,29,True
537794,2,2,1,60,60,120,60,60,2010-12-08 13:01:00,2010-12-08 13:01:00,60,True
537795,2,2,1,15,15,30,15,15,2010-12-08 13:03:00,2010-12-08 13:03:00,15,True
537796,2,2,1,6,6,12,6,6,2010-12-08 13:03:00,2010-12-08 13:03:00,6,True
537799,2,2,1,11,11,22,11,11,2010-12-08 13:07:00,2010-12-08 13:07:00,11,True
537800,2,2,1,9,9,18,9,9,2010-12-08 13:08:00,2010-12-08 13:08:00,9,True
537801,2,2,1,5,5,10,5,5,2010-12-08 13:08:00,2010-12-08 13:08:00,5,True
537802,2,2,1,30,30,60,30,30,2010-12-08 13:11:00,2010-12-08 13:11:00,30,True
537803,2,2,1,2,2,4,2,2,2010-12-08 13:14:00,2010-12-08 13:14:00,2,True
537804,2,2,1,11,11,22,10,10,2010-12-08 13:17:00,2010-12-08 13:17:00,11,True
537806,2,2,1,10,10,20,10,10,2010-12-08 13:21:00,2010-12-08 13:21:00,10,True
537808,2,2,1,17,17,34,17,17,2010-12-08 13:23:00,2010-12-08 13:23:00,17,True
537809,2,2,1,7,7,14,7,7,2010-12-08 13:28:00,2010-12-08 13:28:00,7,True
537810,2,2,1,1,1,2,1,1,2010-12-08 13:30:00,2010-12-08 13:30:00,1,True
537811,2,2,1,2,2,4,2,2,2010-12-08 13:30:00,2010-12-08 13:30:00,2,True
537813,2,2,1,7,7,14,7,7,2010-12-08 13:38:00,2010-12-08 13:38:00,7,True
537815,2,2,1,15,15,30,15,15,2010-12-08 13:49:00,2010-12-08 13:49:00,15,True
537816,2,2,1,3,3,6,3,3,2010-12-08 13:51:00,2010-12-08 13:51:00,3,True
537817,2,2,1,7,7,14,7,7,2010-12-08 13:53:00,2010-12-08 13:53:00,7,True
537818,2,2,1,52,52,104,52,52,2010-12-08 13:53:00,2010-12-08 13:53:00,52,True
537819,2,2,1,17,17,34,17,17,2010-12-08 13:55:00,2010-12-08 13:55:00,17,True
537822,2,2,1,30,30,60,30,30,2010-12-08 14:22:00,2010-12-08 14:22:00,30,True
537823,2,2,1,590,590,1180,588,588,2010-12-08 14:25:00,2010-12-08 14:25:00,590,True
537825,2,2,1,28,28,56,28,28,2010-12-08 14:36:00,2010-12-08 14:36:00,28,True
537826,2,2,1,21,21,42,21,21,2010-12-08 14:38:00,2010-12-08 14:38:00,21,True
537827,2,2,1,1,1,2,1,1,2010-12-08 14:43:00,2010-12-08 14:43:00,1,True
537828,2,2,1,30,30,60,30,30,2010-12-08 14:43:00,2010-12-08 14:43:00,30,True
537829,2,2,1,19,19,38,19,19,2010-12-08 14:46:00,2010-12-08 14:46:00,19,True
537830,2,2,1,15,15,30,15,15,2010-12-08 14:46:00,2010-12-08 14:46:00,15,True
537831,2,2,1,11,11,22,11,11,2010-12-08 14:50:00,2010-12-08 14:50:00,11,True
537833,2,2,1,1,1,2,1,1,2010-12-08 14:53:00,2010-12-08 14:53:00,1,True
537836,2,2,1,1,1,2,1,1,2010-12-08 14:58:00,2010-12-08 14:58:00,1,True
537837,2,2,1,14,14,28,14,14,2010-12-08 14:59:00,2010-12-08 14:59:00,14,True
537839,2,2,1,9,9,18,9,9,2010-12-08 15:02:00,2010-12-08 15:02:00,9,True
537840,2,2,1,15,15,30,15,15,2010-12-08 15:03:00,2010-12-08 15:03:00,15,True
537841,2,2,1,1,1,2,1,1,2010-12-08 15:10:00,2010-12-08 15:10:00,1,True
537842,2,2,1,15,15,30,15,15,2010-12-08 15:12:00,2010-12-08 15:12:00,15,True
537843,2,2,1,9,9,18,9,9,2010-12-08 15:16:00,2010-12-08 15:16:00,9,True
537844,2,2,1,38,38,76,37,37,2010-12-08 15:17:00,2010-12-08 15:17:00,38,True
537845,2,2,1,4,4,8,4,4,2010-12-08 15:23:00,2010-12-08 15:23:00,4,True
537846,2,2,1,5,5,10,5,5,2010-12-08 15:25:00,2010-12-08 15:25:00,5,True
537847,2,2,1,6,6,12,6,6,2010-12-08 15:33:00,2010-12-08 15:33:00,6,True
537848,2,2,1,1,1,2,1,1,2010-12-08 15:35:00,2010-12-08 15:35:00,1,True
537849,2,2,1,1,1,2,1,1,2010-12-08 15:35:00,2010-12-08 15:35:00,1,True
537850,2,2,1,25,25,50,25,25,2010-12-08 15:38:00,2010-12-08 15:38:00,25,True
537851,2,2,1,7,7,14,7,7,2010-12-08 15:39:00,2010-12-08 15:39:00,7,True
537852,2,2,1,86,86,172,86,86,2010-12-08 15:56:00,2010-12-08 15:56:00,86,True
537854,2,2,1,5,5,10,5,5,2010-12-08 15:58:00,2010-12-08 15:58:00,5,True
537855,2,2,1,32,32,64,31,31,2010-12-08 15:59:00,2010-12-08 15:59:00,32,True
537858,2,2,1,11,11,22,11,11,2010-12-08 16:06:00,2010-12-08 16:06:00,11,True
537859,2,2,1,26,26,52,26,26,2010-12-08 16:11:00,2010-12-08 16:11:00,26,True
537861,2,2,1,6,6,12,6,6,2010-12-08 16:18:00,2010-12-08 16:18:00,6,True
537862,2,2,1,7,7,14,7,7,2010-12-08 16:21:00,2010-12-08 16:21:00,7,True
537863,2,2,1,1,1,2,1,1,2010-12-08 16:29:00,2010-12-08 16:29:00,1,True
537864,2,2,1,14,14,28,14,14,2010-12-08 16:34:00,2010-12-08 16:34:00,14,True
537865,2,2,1,22,22,44,22,22,2010-12-08 16:34:00,2010-12-08 16:34:00,22,True
537866,2,2,1,9,9,18,9,9,2010-12-08 16:45:00,2010-12-08 16:45:00,9,True
537867,2,2,1,15,15,30,15,15,2010-12-08 16:48:00,2010-12-08 16:48:00,15,True
537868,2,2,1,74,74,148,74,74,2010-12-08 16:49:00,2010-12-08 16:49:00,74,True
537871,2,2,1,25,25,50,24,24,2010-12-08 17:20:00,2010-12-08 17:20:00,25,True
537879,2,2,1,8,8,16,8,8,2010-12-09 08:34:00,2010-12-09 08:34:00,8,True
537880,2,2,1,16,16,32,16,16,2010-12-09 09:14:00,2010-12-09 09:14:00,16,True
537881,2,2,1,12,12,24,12,12,2010-12-09 09:23:00,2010-12-09 09:23:00,12,True
537882,2,2,1,4,4,8,4,4,2010-12-09 09:25:00,2010-12-09 09:25:00,4,True
537883,2,2,1,5,5,10,5,5,2010-12-09 09:27:00,2010-12-09 09:27:00,5,True
537884,2,2,1,6,6,12,6,6,2010-12-09 09:30:00,2010-12-09 09:30:00,6,True
537885,2,2,1,16,16,32,16,16,2010-12-09 09:34:00,2010-12-09 09:34:00,16,True
537886,2,2,1,10,10,20,10,10,2010-12-09 09:49:00,2010-12-09 09:49:00,10,True
537887,2,2,1,10,10,20,10,10,2010-12-09 10:00:00,2010-12-09 10:00:00,10,True
537888,2,2,1,35,35,70,35,35,2010-12-09 10:04:00,2010-12-09 10:04:00,35,True
537889,2,2,1,27,27,54,27,27,2010-12-09 10:04:00,2010-12-09 10:04:00,27,True
537890,2,2,1,6,6,12,6,6,2010-12-09 10:04:00,2010-12-09 10:04:00,6,True
537891,2,2,1,5,5,10,5,5,2010-12-09 10:05:00,2010-12-09 10:05:00,5,True
537892,2,2,1,9,9,18,9,9,2010-12-09 10:13:00,2010-12-09 10:13:00,9,True
537894,2,2,1,13,13,26,13,13,2010-12-09 10:16:00,2010-12-09 10:16:00,13,True
537895,2,2,1,5,5,10,5,5,2010-12-09 10:30:00,2010-12-09 10:30:00,5,True
537896,2,2,1,14,14,28,14,14,2010-12-09 10:33:00,2010-12-09 10:33:00,14,True
537897,2,2,1,12,12,24,12,12,2010-12-09 10:37:00,2010-12-09 10:37:00,12,True
537898,2,2,1,20,20,40,20,20,2010-12-09 10:42:00,2010-12-09 10:42:00,20,True
537899,2,2,1,1,1,2,1,1,2010-12-09 10:44:00,2010-12-09 10:44:00,1,True
537900,2,2,1,24,24,48,24,24,2010-12-09 10:45:00,2010-12-09 10:45:00,24,True
537901,2,2,1,3,3,6,3,3,2010-12-09 10:48:00,2010-12-09 10:48:00,3,True
537915,2,2,1,12,12,24,12,12,2010-12-09 10:55:00,2010-12-09 10:55:00,12,True
537955,2,2,1,46,46,92,46,46,2010-12-09 11:28:00,2010-12-09 11:28:00,46,True
537963,2,2,1,13,13,26,13,13,2010-12-09 11:30:00,2010-12-09 11:30:00,13,True
537967,2,2,1,2,2,4,2,2,2010-12-09 11:31:00,2010-12-09 11:31:00,2,True
537981,2,2,1,4,4,8,4,4,2010-12-09 11:35:00,2010-12-09 11:35:00,4,True
537995,2,2,1,10,10,20,10,10,2010-12-09 11:39:00,2010-12-09 11:39:00,10,True
538000,2,2,1,2,2,4,2,2,2010-12-09 11:44:00,2010-12-09 11:44:00,2,True
538002,2,2,1,16,16,32,16,16,2010-12-09 11:48:00,2010-12-09 11:48:00,16,True
538003,2,2,1,19,19,38,19,19,2010-12-09 12:05:00,2010-12-09 12:05:00,19,True
538005,2,2,1,3,3,6,3,3,2010-12-09 12:12:00,2010-12-09 12:12:00,3,True
538006,2,2,1,2,2,4,2,2,2010-12-09 12:13:00,2010-12-09 12:13:00,2,True
538007,2,2,1,11,11,22,11,11,2010-12-09 12:16:00,2010-12-09 12:16:00,11,True
538008,2,2,1,40,40,80,40,40,2010-12-09 12:17:00,2010-12-09 12:17:00,40,True
538009,2,2,1,32,32,64,32,32,2010-12-09 12:17:00,2010-12-09 12:17:00,32,True
538010,2,2,1,5,5,10,5,5,2010-12-09 12:20:00,2010-12-09 12:20:00,5,True
538011,2,2,1,32,32,64,32,32,2010-12-09 12:24:00,2010-12-09 12:24:00,32,True
538012,2,2,1,29,29,58,29,29,2010-12-09 12:32:00,2010-12-09 12:32:00,29,True
538013,2,2,1,12,12,24,12,12,2010-12-09 12:37:00,2010-12-09 12:37:00,12,True
538014,2,2,1,13,13,26,13,13,2010-12-09 12:49:00,2010-12-09 12:49:00,13,True
538015,2,2,1,21,21,42,21,21,2010-12-09 12:49:00,2010-12-09 12:49:00,21,True
538032,2,2,1,10,10,20,10,10,2010-12-09 12:59:00,2010-12-09 12:59:00,10,True
538035,2,2,1,73,73,146,71,71,2010-12-09 13:03:00,2010-12-09 13:03:00,73,True
538037,2,2,1,5,5,10,5,5,2010-12-09 13:05:00,2010-12-09 13:05:00,5,True
538040,2,2,1,60,60,120,60,60,2010-12-09 13:08:00,2010-12-09 13:08:00,60,True
538044,2,2,1,3,3,6,3,3,2010-12-09 13:11:00,2010-12-09 13:11:00,3,True
538048,2,2,1,2,2,4,2,2,2010-12-09 13:14:00,2010-12-09 13:14:00,2,True
538049,2,2,1,5,5,10,5,5,2010-12-09 13:21:00,2010-12-09 13:21:00,5,True
538050,2,2,1,1,1,2,1,1,2010-12-09 13:22:00,2010-12-09 13:22:00,1,True
538051,2,2,1,28,28,56,26,26,2010-12-09 13:24:00,2010-12-09 13:24:00,28,True
538053,2,2,1,30,30,60,30,30,2010-12-09 13:34:00,2010-12-09 13:34:00,30,True
538056,2,2,1,24,24,48,24,24,2010-12-09 13:34:00,2010-12-09 13:34:00,24,True
538057,2,2,1,11,11,22,11,11,2010-12-09 13:38:00,2010-12-09 13:38:00,11,True
538060,2,2,1,1,1,2,1,1,2010-12-09 13:39:00,2010-12-09 13:39:00,1,True
538063,2,2,1,1,1,2,1,1,2010-12-09 13:44:00,2010-12-09 13:44:00,1,True
538064,2,2,1,24,24,48,24,24,2010-12-09 13:47:00,2010-12-09 13:47:00,24,True
538065,2,2,1,23,23,46,23,23,2010-12-09 13:57:00,2010-12-09 13:57:00,23,True
538067,2,2,1,26,26,52,26,26,2010-12-09 13:59:00,2010-12-09 13:59:00,26,True
538068,2,2,1,12,12,24,12,12,2010-12-09 14:05:00,2010-12-09 14:05:00,12,True
538069,2,2,1,66,66,132,64,64,2010-12-09 14:08:00,2010-12-09 14:08:00,66,True
538070,2,2,1,5,5,10,5,5,2010-12-09 14:08:00,2010-12-09 14:08:00,5,True
538071,2,2,1,650,650,1300,647,647,2010-12-09 14:09:00,2010-12-09 14:09:00,650,True
538073,2,2,1,10,10,20,10,10,2010-12-09 14:10:00,2010-12-09 14:10:00,10,True
538076,2,2,1,14,14,28,14,14,2010-12-09 14:15:00,2010-12-09 14:15:00,14,True
538077,2,2,1,48,48,96,46,46,2010-12-09 14:19:00,2010-12-09 14:19:00,48,True
538078,2,2,1,26,26,52,26,26,2010-12-09 14:25:00,2010-12-09 14:25:00,26,True
538079,2,2,1,17,17,34,17,17,2010-12-09 14:27:00,2010-12-09 14:27:00,17,True
538080,2,2,1,9,9,18,9,9,2010-12-09 14:28:00,2010-12-09 14:28:00,9,True
538086,2,2,1,38,38,76,38,38,2010-12-09 14:44:00,2010-12-09 14:44:00,38,True
538087,2,2,1,4,4,8,4,4,2010-12-09 14:44:00,2010-12-09 14:44:00,4,True
538093,2,2,1,32,32,64,32,32,2010-12-09 14:49:00,2010-12-09 14:49:00,32,True
538094,2,2,1,11,11,22,11,11,2010-12-09 14:50:00,2010-12-09 14:50:00,11,True
538095,2,2,1,40,40,80,40,40,2010-12-09 14:55:00,2010-12-09 14:55:00,40,True
538096,2,2,1,3,3,6,3,3,2010-12-09 14:55:00,2010-12-09 14:55:00,3,True
538097,2,2,1,15,15,30,15,15,2010-12-09 14:56:00,2010-12-09 14:56:00,15,True
538101,2,2,1,1,1,2,1,1,2010-12-09 15:01:00,2010-12-09 15:01:00,1,True
538104,2,2,1,26,26,52,26,26,2010-12-09 15:16:00,2010-12-09 15:16:00,26,True
538106,2,2,1,13,13,26,13,13,2010-12-09 15:20:00,2010-12-09 15:20:00,13,True
538107,2,2,1,9,9,18,9,9,2010-12-09 15:21:00,2010-12-09 15:21:00,9,True
538108,2,2,1,17,17,34,17,17,2010-12-09 15:23:00,2010-12-09 15:23:00,17,True
538113,2,2,1,16,16,32,16,16,2010-12-09 15:29:00,2010-12-09 15:29:00,16,True
538116,2,2,1,18,18,36,18,18,2010-12-09 15:32:00,2010-12-09 15:32:00,18,True
538117,2,2,1,3,3,6,3,3,2010-12-09 15:33:00,2010-12-09 15:33:00,3,True
538120,2,2,1,2,2,4,2,2,2010-12-09 15:35:00,2010-12-09 15:35:00,2,True
538125,2,2,1,2,2,4,2,2,2010-12-09 15:46:00,2010-12-09 15:46:00,2,True
538126,2,2,1,12,12,24,11,11,2010-12-09 15:50:00,2010-12-09 15:50:00,12,True
538127,2,2,1,2,2,4,2,2,2010-12-09 15:53:00,2010-12-09 15:53:00,2,True
538145,2,2,1,23,23,46,23,23,2010-12-09 16:08:00,2010-12-09 16:08:00,23,True
538146,2,2,1,21,21,42,21,21,2010-12-09 16:10:00,2010-12-09 16:10:00,21,True
538148,2,2,1,110,110,220,110,110,2010-12-09 16:26:00,2010-12-09 16:26:00,110,True
538149,2,2,1,112,112,224,112,112,2010-12-09 16:27:00,2010-12-09 16:27:00,112,True
538151,2,2,1,5,5,10,5,5,2010-12-09 16:28:00,2010-12-09 16:28:00,5,True
538153,2,2,1,120,120,240,120,120,2010-12-09 16:31:00,2010-12-09 16:31:00,120,True
538154,2,2,1,20,20,40,20,20,2010-12-09 16:35:00,2010-12-09 16:35:00,20,True
538155,2,2,1,33,33,66,33,33,2010-12-09 16:52:00,2010-12-09 16:52:00,33,True
538156,2,2,1,37,37,74,37,37,2010-12-09 16:53:00,2010-12-09 16:53:00,37,True
538157,2,2,1,12,12,24,12,12,2010-12-09 16:57:00,2010-12-09 16:57:00,12,True
538163,2,2,1,46,46,92,45,45,2010-12-09 17:27:00,2010-12-09 17:27:00,46,True
538165,2,2,1,3,3,6,3,3,2010-12-09 17:34:00,2010-12-09 17:34:00,3,True
538166,2,2,1,16,16,32,16,16,2010-12-09 18:09:00,2010-12-09 18:09:00,16,True
538167,2,2,1,25,25,50,25,25,2010-12-09 18:58:00,2010-12-09 18:58:00,25,True
538168,2,2,1,29,29,58,29,29,2010-12-09 19:23:00,2010-12-09 19:23:00,29,True
538169,2,2,1,13,13,26,13,13,2010-12-09 19:28:00,2010-12-09 19:28:00,13,True
538170,2,2,1,25,25,50,25,25,2010-12-09 19:32:00,2010-12-09 19:32:00,25,True
538171,2,2,1,65,65,130,65,65,2010-12-09 20:01:00,2010-12-09 20:01:00,65,True
